block_id,method,rate_bpd,mse,sqnr_bits,quantize_seconds,dequantize_seconds,original_vector,dequantized_vector
0,Leech Lattice Vector Quantization (gpu),2.0,0.0653282474478219,1.968074642914867,0.001270506007131189,0.00015834700025152415,"[0.6458169221878052,-0.8297996520996094,1.5018998384475708,-1.4117858409881592,-1.5920138359069824,0.3304179608821869,-0.8297996520996094,-0.9912539124488831,-0.2515682280063629,0.12766148149967194,0.5106459259986877,2.4180586338043213,0.2065112292766571,0.9912539124488831,-1.4643523693084717,0.4674663245677948,1.4042763710021973,0.4993816912174225,0.9574611186981201,-0.6307979226112366,-0.9687253832817078,0.07321761548519135,-0.40926769375801086,0.3285405933856964]","[0.3535533845424652,-0.3535533845424652,1.7677669525146484,-1.7677669525146484,-1.0606601238250732,0.3535533845424652,-1.0606601238250732,-1.0606601238250732,-0.3535533845424652,0.3535533845424652,0.3535533845424652,2.4748737812042236,0.3535533845424652,1.0606601238250732,-1.0606601238250732,0.3535533845424652,1.0606601238250732,0.3535533845424652,1.0606601238250732,-1.0606601238250732,-1.0606601238250732,0.3535533845424652,-0.3535533845424652,0.3535533845424652]"
0,QTIP bitshift (gpu),2.0,0.1680196667173861,1.286649008869327,0.008163092992617749,8.750399865675718e-05,"[0.6458169221878052,-0.8297996520996094,1.5018998384475708,-1.4117858409881592,-1.5920138359069824,0.3304179608821869,-0.8297996520996094,-0.9912539124488831,-0.2515682280063629,0.12766148149967194,0.5106459259986877,2.4180586338043213,0.2065112292766571,0.9912539124488831,-1.4643523693084717,0.4674663245677948,1.4042763710021973,0.4993816912174225,0.9574611186981201,-0.6307979226112366,-0.9687253832817078,0.07321761548519135,-0.40926769375801086,0.3285405933856964]","[0.66835618019104,-0.8099502921104431,0.4722914695739746,-1.3297709226608276,-1.6962224245071411,0.527773916721344,-1.159889578819275,-0.9391450881958008,-0.13257279992103577,-0.07350250333547592,0.1523558795452118,1.9533236026763916,1.2617708444595337,0.33413028717041016,-1.8356715440750122,0.0931539535522461,1.122338056564331,0.06368788331747055,0.879913330078125,-0.3445020616054535,-0.9391450881958008,-0.13257279992103577,-0.1029927134513855,0.034277018159627914]"
0,Uniform scalar 2-bit (gpu),2.0,0.18833709582976443,1.2043054698694824,9.322499681729823e-05,4.4774002162739635e-05,"[0.6458169221878052,-0.8297996520996094,1.5018998384475708,-1.4117858409881592,-1.5920138359069824,0.3304179608821869,-0.8297996520996094,-0.9912539124488831,-0.2515682280063629,0.12766148149967194,0.5106459259986877,2.4180586338043213,0.2065112292766571,0.9912539124488831,-1.4643523693084717,0.4674663245677948,1.4042763710021973,0.4993816912174225,0.9574611186981201,-0.6307979226112366,-0.9687253832817078,0.07321761548519135,-0.40926769375801086,0.3285405933856964]","[1.0,-1.0,1.0,-1.0,-2.0,0.0,-1.0,-1.0,0.0,0.0,1.0,1.0,0.0,1.0,-1.0,0.0,1.0,0.0,1.0,-1.0,-1.0,0.0,0.0,0.0]"
1,Uniform scalar 2-bit (gpu),2.0,0.26721572014503553,0.9519616032040527,7.629398896824569e-05,4.30410000262782e-05,"[-0.2977310121059418,-0.08588394522666931,0.2257520854473114,-0.014007262885570526,0.2012138068675995,-0.9488130807876587,-0.243746817111969,-0.5954620242118835,0.5660160779953003,0.33535635471343994,1.2759900093078613,0.4515041708946228,0.03619394823908806,2.5781543254852295,-0.5431137084960938,-0.3468075394630432,2.4603705406188965,0.23065973818302155,0.883377730846405,-0.1128760427236557,0.8113988041877747,0.5529290437698364,-1.8583649396896362,1.3610560894012451]","[0.0,0.0,0.0,0.0,0.0,-1.0,0.0,-1.0,1.0,0.0,1.0,0.0,0.0,1.0,-1.0,0.0,1.0,0.0,1.0,0.0,1.0,1.0,-2.0,1.0]"
1,Leech Lattice Vector Quantization (gpu),2.0,0.06326271034126223,1.9912504092372922,0.0015204969968181103,0.00015811699267942458,"[-0.2977310121059418,-0.08588394522666931,0.2257520854473114,-0.014007262885570526,0.2012138068675995,-0.9488130807876587,-0.243746817111969,-0.5954620242118835,0.5660160779953003,0.33535635471343994,1.2759900093078613,0.4515041708946228,0.03619394823908806,2.5781543254852295,-0.5431137084960938,-0.3468075394630432,2.4603705406188965,0.23065973818302155,0.883377730846405,-0.1128760427236557,0.8113988041877747,0.5529290437698364,-1.8583649396896362,1.3610560894012451]","[-0.3535533845424652,-0.3535533845424652,0.3535533845424652,-0.3535533845424652,0.3535533845424652,-1.0606601238250732,0.3535533845424652,-0.3535533845424652,0.3535533845424652,0.3535533845424652,1.0606601238250732,0.3535533845424652,0.3535533845424652,2.4748737812042236,-0.3535533845424652,-0.3535533845424652,2.4748737812042236,0.3535533845424652,1.0606601238250732,0.3535533845424652,0.3535533845424652,0.3535533845424652,-1.7677669525146484,1.0606601238250732]"
1,QTIP bitshift (gpu),2.0,0.25978033614871493,0.9723179291393033,0.00814906699815765,9.529899398330599e-05,"[-0.2977310121059418,-0.08588394522666931,0.2257520854473114,-0.014007262885570526,0.2012138068675995,-0.9488130807876587,-0.243746817111969,-0.5954620242118835,0.5660160779953003,0.33535635471343994,1.2759900093078613,0.4515041708946228,0.03619394823908806,2.5781543254852295,-0.5431137084960938,-0.3468075394630432,2.4603705406188965,0.23065973818302155,0.883377730846405,-0.1128760427236557,0.8113988041877747,0.5529290437698364,-1.8583649396896362,1.3610560894012451]","[-0.14245736598968506,-0.13257279992103577,-0.1029927134513855,0.024481236934661865,0.5849315524101257,-0.9858254790306091,-0.2929880917072296,-0.7308942079544067,1.122338056564331,0.07350250333547592,1.0181772708892822,-0.07350250333547592,0.12270114570856094,1.5184290409088135,0.6930450797080994,-0.7308942079544067,1.122338056564331,0.0931539535522461,1.159889578819275,0.1029927134513855,1.3064303398132324,0.3863752782344818,-1.6189000606536865,0.9858254790306091]"
2,Leech Lattice Vector Quantization (gpu),2.0,0.06434863455151144,1.9789732907967055,0.0010191239998675883,0.00014706699585076421,"[0.23876868188381195,-0.9217581748962402,1.3382151126861572,1.9323605298995972,0.538617730140686,-0.35537663102149963,-1.8657273054122925,-1.4548231363296509,-0.9661802649497986,0.33316558599472046,0.6802130937576294,0.6413437724113464,1.4770342111587524,1.2771347761154175,0.5580523610115051,1.1827378273010254,0.8495723009109497,-0.6108036041259766,-0.5053011775016785,0.5636051297187805,0.8606777787208557,1.077235460281372,0.7329643368721008,0.082944355905056]","[0.0,-1.4142135381698608,1.4142135381698608,2.1213202476501465,0.7071067690849304,0.0,-1.4142135381698608,-1.4142135381698608,-0.7071067690849304,0.7071067690849304,0.7071067690849304,0.7071067690849304,1.4142135381698608,1.4142135381698608,0.7071067690849304,1.4142135381698608,0.7071067690849304,-0.7071067690849304,-0.7071067690849304,0.0,0.7071067690849304,1.4142135381698608,0.7071067690849304,0.0]"
2,QTIP bitshift (gpu),2.0,0.19471710958805497,1.180274182211586,0.00810941199597437,8.625199552625418e-05,"[0.23876868188381195,-0.9217581748962402,1.3382151126861572,1.9323605298995972,0.538617730140686,-0.35537663102149963,-1.8657273054122925,-1.4548231363296509,-0.9661802649497986,0.33316558599472046,0.6802130937576294,0.6413437724113464,1.4770342111587524,1.2771347761154175,0.5580523610115051,1.1827378273010254,0.8495723009109497,-0.6108036041259766,-0.5053011775016785,0.5636051297187805,0.8606777787208557,1.077235460281372,0.7329643368721008,0.082944355905056]","[0.7181638479232788,-0.6806488037109375,2.335232973098755,1.6563239097595215,0.8514286875724792,-0.40756407380104065,-1.1991522312164307,-1.1409127712249756,-0.8944265246391296,0.0931539535522461,1.159889578819275,0.13257279992103577,1.8356715440750122,1.159889578819275,0.12270114570856094,1.4591230154037476,0.6083298325538635,-0.9240337014198303,-0.0931539535522461,0.0931539535522461,1.122338056564331,0.0931539535522461,1.0863057374954224,0.034277018159627914]"
2,Uniform scalar 2-bit (gpu),2.0,0.13332616711464473,1.4534840324832412,7.74549989728257e-05,4.355200508143753e-05,"[0.23876868188381195,-0.9217581748962402,1.3382151126861572,1.9323605298995972,0.538617730140686,-0.35537663102149963,-1.8657273054122925,-1.4548231363296509,-0.9661802649497986,0.33316558599472046,0.6802130937576294,0.6413437724113464,1.4770342111587524,1.2771347761154175,0.5580523610115051,1.1827378273010254,0.8495723009109497,-0.6108036041259766,-0.5053011775016785,0.5636051297187805,0.8606777787208557,1.077235460281372,0.7329643368721008,0.082944355905056]","[0.0,-1.0,1.0,1.0,1.0,0.0,-2.0,-1.0,-1.0,0.0,1.0,1.0,1.0,1.0,1.0,1.0,1.0,-1.0,-1.0,1.0,1.0,1.0,1.0,0.0]"
3,Uniform scalar 2-bit (gpu),2.0,0.23182303077840002,1.0544521287409097,8.517000242136419e-05,4.299099964555353e-05,"[-0.13189645111560822,0.602955162525177,-0.39568933844566345,1.2264657020568848,1.7060891389846802,0.8598963022232056,0.9660986661911011,-0.08093645423650742,-0.28263524174690247,-0.9455433487892151,-1.1236891746520996,2.891444206237793,0.02505175955593586,0.9935057163238525,1.301835060119629,0.9866539239883423,0.2655058205127716,-0.2723575830459595,-1.1099857091903687,-0.35629168152809143,0.4796234369277954,-0.5858257412910461,-0.44193872809410095,-0.9181362986564636]","[0.0,1.0,0.0,1.0,1.0,1.0,1.0,0.0,0.0,-1.0,-1.0,1.0,0.0,1.0,1.0,1.0,0.0,0.0,-1.0,0.0,0.0,-1.0,0.0,-1.0]"
3,Leech Lattice Vector Quantization (gpu),2.0,0.06891319939107428,1.9295379571227944,0.0016333080129697919,0.000524686009157449,"[-0.13189645111560822,0.602955162525177,-0.39568933844566345,1.2264657020568848,1.7060891389846802,0.8598963022232056,0.9660986661911011,-0.08093645423650742,-0.28263524174690247,-0.9455433487892151,-1.1236891746520996,2.891444206237793,0.02505175955593586,0.9935057163238525,1.301835060119629,0.9866539239883423,0.2655058205127716,-0.2723575830459595,-1.1099857091903687,-0.35629168152809143,0.4796234369277954,-0.5858257412910461,-0.44193872809410095,-0.9181362986564636]","[-0.3535533845424652,0.3535533845424652,-0.3535533845424652,1.0606601238250732,1.7677669525146484,1.0606601238250732,1.0606601238250732,0.3535533845424652,0.3535533845424652,-1.0606601238250732,-1.0606601238250732,2.4748737812042236,0.3535533845424652,1.0606601238250732,1.0606601238250732,1.0606601238250732,0.3535533845424652,0.3535533845424652,-1.0606601238250732,-0.3535533845424652,0.3535533845424652,-0.3535533845424652,-0.3535533845424652,-1.0606601238250732]"
3,QTIP bitshift (gpu),2.0,0.23375935320105978,1.0484520330344773,0.00812094499997329,8.64629982970655e-05,"[-0.13189645111560822,0.602955162525177,-0.39568933844566345,1.2264657020568848,1.7060891389846802,0.8598963022232056,0.9660986661911011,-0.08093645423650742,-0.28263524174690247,-0.9455433487892151,-1.1236891746520996,2.891444206237793,0.02505175955593586,0.9935057163238525,1.301835060119629,0.9866539239883423,0.2655058205127716,-0.2723575830459595,-1.1099857091903687,-0.35629168152809143,0.4796234369277954,-0.5858257412910461,-0.44193872809410095,-0.9181362986564636]","[0.034277018159627914,0.7181638479232788,-0.6930450797080994,1.8356715440750122,1.122338056564331,0.07350250333547592,0.9544740319252014,-0.2120971381664276,-0.3863752782344818,-1.0863057374954224,-0.6930450797080994,1.8356715440750122,1.159889578819275,0.13257279992103577,1.7390198707580566,0.9544740319252014,-0.19210973381996155,-0.33413028717041016,-0.9091304540634155,0.024481236934661865,0.5849315524101257,-0.9858254790306091,-0.33413028717041016,-0.9091304540634155]"
4,Leech Lattice Vector Quantization (gpu),2.0,0.06831412164160983,1.935836144036991,0.0014031159953447059,0.00014576400280930102,"[1.4222908020019531,-0.1605384200811386,-0.5970436930656433,0.9340416789054871,-0.6341930627822876,0.1976878046989441,0.21493573486804962,1.3904484510421753,0.4643673300743103,-0.08623964339494705,-0.6209254264831543,0.5200914144515991,-0.2653527557849884,-1.7725564241409302,-0.6580747961997986,-1.698257565498352,1.549660086631775,-0.6023507714271545,1.6451870203018188,0.9446557760238647,0.39006853103637695,0.4723278880119324,-0.5068237781524658,-1.9742244482040405]","[1.4142135381698608,0.0,-0.7071067690849304,0.7071067690849304,-0.7071067690849304,0.0,0.0,1.4142135381698608,0.7071067690849304,0.0,-0.7071067690849304,0.7071067690849304,0.0,-2.1213202476501465,-0.7071067690849304,-2.1213202476501465,1.4142135381698608,0.0,1.4142135381698608,0.7071067690849304,0.0,0.7071067690849304,0.0,-2.1213202476501465]"
4,QTIP bitshift (gpu),2.0,0.09722286827371716,1.6812802143841228,0.00815617099578958,8.69029900059104e-05,"[1.4222908020019531,-0.1605384200811386,-0.5970436930656433,0.9340416789054871,-0.6341930627822876,0.1976878046989441,0.21493573486804962,1.3904484510421753,0.4643673300743103,-0.08623964339494705,-0.6209254264831543,0.5200914144515991,-0.2653527557849884,-1.7725564241409302,-0.6580747961997986,-1.698257565498352,1.549660086631775,-0.6023507714271545,1.6451870203018188,0.9446557760238647,0.39006853103637695,0.4723278880119324,-0.5068237781524658,-1.9742244482040405]","[0.9091304540634155,-0.3134928345680237,-0.7964315414428711,0.6083298325538635,-0.9240337014198303,-0.07350250333547592,0.13257279992103577,1.6563239097595215,0.9091304540634155,-0.2929880917072296,-0.7698206901550293,0.7830567955970764,-0.5733522176742554,-2.1065540313720703,-0.505395233631134,-1.6563239097595215,0.7181638479232788,-0.6930450797080994,1.8356715440750122,1.122338056564331,0.044076092541217804,0.8099502921104431,-0.49430081248283386,-1.6563239097595215]"
4,Uniform scalar 2-bit (gpu),2.0,0.13201131968510274,1.4606331941132842,7.766600174363703e-05,4.3773005018010736e-05,"[1.4222908020019531,-0.1605384200811386,-0.5970436930656433,0.9340416789054871,-0.6341930627822876,0.1976878046989441,0.21493573486804962,1.3904484510421753,0.4643673300743103,-0.08623964339494705,-0.6209254264831543,0.5200914144515991,-0.2653527557849884,-1.7725564241409302,-0.6580747961997986,-1.698257565498352,1.549660086631775,-0.6023507714271545,1.6451870203018188,0.9446557760238647,0.39006853103637695,0.4723278880119324,-0.5068237781524658,-1.9742244482040405]","[1.0,0.0,-1.0,1.0,-1.0,0.0,0.0,1.0,0.0,0.0,-1.0,1.0,0.0,-2.0,-1.0,-2.0,1.0,-1.0,1.0,1.0,0.0,0.0,-1.0,-2.0]"
5,QTIP bitshift (gpu),2.0,0.16327666563390833,1.3073047049478006,0.008040212997002527,9.99570038402453e-05,"[-0.2187717705965042,1.7307277917861938,0.9966269135475159,0.5688065886497498,-1.0160733461380005,0.03798120841383934,-0.2941264808177948,0.2783263027667999,-0.13794775307178497,-1.9349147081375122,-0.9577341675758362,0.23943354189395905,0.04162740707397461,-0.5590834021568298,-0.02461182326078415,0.6611769199371338,0.1464555412530899,-0.19324839115142822,3.305884599685669,0.6903464794158936,0.8993950486183167,-0.7973015308380127,0.03843698278069496,0.20540238916873932]","[0.1523558795452118,2.1065540313720703,1.4591230154037476,0.6083298325538635,-0.9391450881958008,-0.13257279992103577,-0.11284144967794418,-0.044076092541217804,0.25233614444732666,-2.335232973098755,-0.9391450881958008,-0.14245736598968506,-0.13257279992103577,-0.0931539535522461,0.07350250333547592,1.0181772708892822,-0.07350250333547592,0.1523558795452118,2.1065540313720703,1.4591230154037476,0.6083298325538635,-0.9391450881958008,-0.13257279992103577,-0.07350250333547592]"
5,Uniform scalar 2-bit (gpu),2.0,0.28725110850582153,0.8998077876592536,8.058099774643779e-05,4.3952997657470405e-05,"[-0.2187717705965042,1.7307277917861938,0.9966269135475159,0.5688065886497498,-1.0160733461380005,0.03798120841383934,-0.2941264808177948,0.2783263027667999,-0.13794775307178497,-1.9349147081375122,-0.9577341675758362,0.23943354189395905,0.04162740707397461,-0.5590834021568298,-0.02461182326078415,0.6611769199371338,0.1464555412530899,-0.19324839115142822,3.305884599685669,0.6903464794158936,0.8993950486183167,-0.7973015308380127,0.03843698278069496,0.20540238916873932]","[0.0,1.0,1.0,1.0,-1.0,0.0,0.0,0.0,0.0,-2.0,-1.0,0.0,0.0,-1.0,0.0,1.0,0.0,0.0,1.0,1.0,1.0,-1.0,0.0,0.0]"
5,Leech Lattice Vector Quantization (gpu),2.0,0.06290285970903985,1.9953652618143385,0.0015815900114830583,0.0001490400027250871,"[-0.2187717705965042,1.7307277917861938,0.9966269135475159,0.5688065886497498,-1.0160733461380005,0.03798120841383934,-0.2941264808177948,0.2783263027667999,-0.13794775307178497,-1.9349147081375122,-0.9577341675758362,0.23943354189395905,0.04162740707397461,-0.5590834021568298,-0.02461182326078415,0.6611769199371338,0.1464555412530899,-0.19324839115142822,3.305884599685669,0.6903464794158936,0.8993950486183167,-0.7973015308380127,0.03843698278069496,0.20540238916873932]","[-0.3535533845424652,1.7677669525146484,1.0606601238250732,0.3535533845424652,-1.0606601238250732,-0.3535533845424652,-0.3535533845424652,0.3535533845424652,-0.3535533845424652,-1.7677669525146484,-1.0606601238250732,0.3535533845424652,-0.3535533845424652,-0.3535533845424652,-0.3535533845424652,1.0606601238250732,0.3535533845424652,0.3535533845424652,3.1819803714752197,1.0606601238250732,1.0606601238250732,-1.0606601238250732,0.3535533845424652,0.3535533845424652]"
6,Leech Lattice Vector Quantization (gpu),2.0,0.07097948947639011,1.9082270227821299,0.0010874529980355874,0.00014654500409960747,"[-0.2407160848379135,-0.8397583961486816,-0.06402608007192612,-0.4396640956401825,-2.6203980445861816,0.791395366191864,0.031326066702604294,0.7782054543495178,0.05330927297472954,-0.6990659236907959,1.4508914947509766,-1.8553824424743652,1.4333049058914185,0.48582881689071655,0.49901875853538513,-0.3891027271747589,0.6594961285591125,-0.6550995111465454,-0.7298424243927002,-0.6858760118484497,1.239852786064148,1.1958863735198975,0.529795229434967,1.046400547027588]","[-0.7071067690849304,-0.7071067690849304,-0.7071067690849304,-0.7071067690849304,-2.8284270763397217,0.7071067690849304,0.0,0.7071067690849304,0.0,-0.7071067690849304,1.4142135381698608,-1.4142135381698608,1.4142135381698608,0.7071067690849304,0.7071067690849304,0.0,0.7071067690849304,-0.7071067690849304,-0.7071067690849304,-0.7071067690849304,0.7071067690849304,1.4142135381698608,0.7071067690849304,0.7071067690849304]"
6,QTIP bitshift (gpu),2.0,0.1614664725132539,1.3153467594471488,0.008358078994206153,9.036000119522214e-05,"[-0.2407160848379135,-0.8397583961486816,-0.06402608007192612,-0.4396640956401825,-2.6203980445861816,0.791395366191864,0.031326066702604294,0.7782054543495178,0.05330927297472954,-0.6990659236907959,1.4508914947509766,-1.8553824424743652,1.4333049058914185,0.48582881689071655,0.49901875853538513,-0.3891027271747589,0.6594961285591125,-0.6550995111465454,-0.7298424243927002,-0.6858760118484497,1.239852786064148,1.1958863735198975,0.529795229434967,1.046400547027588]","[-0.3445020616054535,-0.9700305461883545,-0.23216964304447174,-0.49430081248283386,-1.6189000606536865,1.122338056564331,0.06368788331747055,0.9091304540634155,-0.32379430532455444,-0.8236187100410461,0.3863752782344818,-1.6189000606536865,1.0863057374954224,0.034277018159627914,0.6930450797080994,-0.756718099117279,0.8514286875724792,-0.3863752782344818,-1.0863057374954224,-0.6930450797080994,1.8356715440750122,1.122338056564331,0.06368788331747055,0.879913330078125]"
6,Uniform scalar 2-bit (gpu),2.0,0.10946407653556377,1.5957353293014986,7.932900916785002e-05,5.25290088262409e-05,"[-0.2407160848379135,-0.8397583961486816,-0.06402608007192612,-0.4396640956401825,-2.6203980445861816,0.791395366191864,0.031326066702604294,0.7782054543495178,0.05330927297472954,-0.6990659236907959,1.4508914947509766,-1.8553824424743652,1.4333049058914185,0.48582881689071655,0.49901875853538513,-0.3891027271747589,0.6594961285591125,-0.6550995111465454,-0.7298424243927002,-0.6858760118484497,1.239852786064148,1.1958863735198975,0.529795229434967,1.046400547027588]","[0.0,-1.0,0.0,0.0,-2.0,1.0,0.0,1.0,0.0,-1.0,1.0,-2.0,1.0,0.0,0.0,0.0,1.0,-1.0,-1.0,-1.0,1.0,1.0,1.0,1.0]"
7,Uniform scalar 2-bit (gpu),2.0,0.0966651058155043,1.6854305500743822,7.520099461544305e-05,4.376200377009809e-05,"[-0.2292361557483673,-1.0278654098510742,0.06424158811569214,-0.6211560368537903,0.2699070870876312,-0.1737757921218872,-0.2246144562959671,-0.1857922077178955,0.4473802447319031,0.16083504259586334,-2.898728132247925,-1.3680222034454346,0.8577868938446045,1.4715481996536255,-0.12940751016139984,-1.0130759477615356,0.04182635620236397,0.39931461215019226,-0.7283794283866882,-0.018024617806077003,1.3088644742965698,1.2718909978866577,0.7505635619163513,-1.8117051124572754]","[0.0,-1.0,0.0,-1.0,0.0,0.0,0.0,0.0,0.0,0.0,-2.0,-1.0,1.0,1.0,0.0,-1.0,0.0,0.0,-1.0,0.0,1.0,1.0,1.0,-2.0]"
7,QTIP bitshift (gpu),2.0,0.10730164116956788,1.6101280312505937,0.008100514998659492,8.606200572103262e-05,"[-0.2292361557483673,-1.0278654098510742,0.06424158811569214,-0.6211560368537903,0.2699070870876312,-0.1737757921218872,-0.2246144562959671,-0.1857922077178955,0.4473802447319031,0.16083504259586334,-2.898728132247925,-1.3680222034454346,0.8577868938446045,1.4715481996536255,-0.12940751016139984,-1.0130759477615356,0.04182635620236397,0.39931461215019226,-0.7283794283866882,-0.018024617806077003,1.3088644742965698,1.2718909978866577,0.7505635619163513,-1.8117051124572754]","[-0.35491102933883667,-0.9858254790306091,-0.3445020616054535,-0.9391450881958008,-0.14245736598968506,-0.14245736598968506,-0.13257279992103577,-0.11284144967794418,-0.06368788331747055,0.2120971381664276,-2.8856348991394043,-1.550199031829834,1.6563239097595215,0.879913330078125,-0.33413028717041016,-0.9091304540634155,0.024481236934661865,0.632066011428833,-0.879913330078125,0.1523558795452118,1.9533236026763916,1.2617708444595337,0.3032245337963104,-2.0240135192871094]"
7,Leech Lattice Vector Quantization (gpu),2.0,0.06874760392080892,1.9312734338989967,0.0012590350088430569,0.0005195059929974377,"[-0.2292361557483673,-1.0278654098510742,0.06424158811569214,-0.6211560368537903,0.2699070870876312,-0.1737757921218872,-0.2246144562959671,-0.1857922077178955,0.4473802447319031,0.16083504259586334,-2.898728132247925,-1.3680222034454346,0.8577868938446045,1.4715481996536255,-0.12940751016139984,-1.0130759477615356,0.04182635620236397,0.39931461215019226,-0.7283794283866882,-0.018024617806077003,1.3088644742965698,1.2718909978866577,0.7505635619163513,-1.8117051124572754]","[-0.3535533845424652,-1.0606601238250732,0.3535533845424652,-1.0606601238250732,0.3535533845424652,-0.3535533845424652,-0.3535533845424652,0.3535533845424652,0.3535533845424652,0.3535533845424652,-3.1819803714752197,-1.0606601238250732,1.0606601238250732,1.0606601238250732,-0.3535533845424652,-1.0606601238250732,0.3535533845424652,0.3535533845424652,-1.0606601238250732,-0.3535533845424652,1.0606601238250732,1.0606601238250732,1.0606601238250732,-1.7677669525146484]"
8,QTIP bitshift (gpu),2.0,0.16160880104443603,1.3147111939608758,0.00815874501131475,8.66129994392395e-05,"[-0.48117151856422424,0.2590090036392212,0.45082738995552063,1.0360360145568848,0.309943825006485,-1.2311055660247803,-0.7932828068733215,0.6328922510147095,-1.0100266933441162,-0.866975724697113,1.0230313539505005,-0.3706321120262146,0.30344149470329285,0.038201119750738144,0.35112518072128296,-1.1357382535934448,-0.9233291745185852,0.9926872253417969,-0.8799803853034973,-0.30777639150619507,-3.0864336490631104,1.6906026601791382,-0.006095923017710447,-0.4790040850639343]","[-0.13257279992103577,-0.07350250333547592,0.12270114570856094,1.4045462608337402,0.5504201054573059,-1.104142665863037,-0.8099502921104431,0.5504201054573059,-1.104142665863037,-0.7437441945075989,0.9858254790306091,-0.13257279992103577,-0.1029927134513855,0.004895777907222509,0.5504201054573059,-1.104142665863037,-0.7964315414428711,0.5733522176742554,-1.034759521484375,-0.49430081248283386,-1.6189000606536865,0.9858254790306091,-0.14245736598968506,-0.14245736598968506]"
8,Uniform scalar 2-bit (gpu),2.0,0.13428709159265365,1.4483037620398895,7.806700887158513e-05,4.376200377009809e-05,"[-0.48117151856422424,0.2590090036392212,0.45082738995552063,1.0360360145568848,0.309943825006485,-1.2311055660247803,-0.7932828068733215,0.6328922510147095,-1.0100266933441162,-0.866975724697113,1.0230313539505005,-0.3706321120262146,0.30344149470329285,0.038201119750738144,0.35112518072128296,-1.1357382535934448,-0.9233291745185852,0.9926872253417969,-0.8799803853034973,-0.30777639150619507,-3.0864336490631104,1.6906026601791382,-0.006095923017710447,-0.4790040850639343]","[0.0,0.0,0.0,1.0,0.0,-1.0,-1.0,1.0,-1.0,-1.0,1.0,0.0,0.0,0.0,0.0,-1.0,-1.0,1.0,-1.0,0.0,-2.0,1.0,0.0,0.0]"
8,Leech Lattice Vector Quantization (gpu),2.0,0.06226479887449767,2.0027197390779916,0.0017253609985345975,0.0001769920054357499,"[-0.48117151856422424,0.2590090036392212,0.45082738995552063,1.0360360145568848,0.309943825006485,-1.2311055660247803,-0.7932828068733215,0.6328922510147095,-1.0100266933441162,-0.866975724697113,1.0230313539505005,-0.3706321120262146,0.30344149470329285,0.038201119750738144,0.35112518072128296,-1.1357382535934448,-0.9233291745185852,0.9926872253417969,-0.8799803853034973,-0.30777639150619507,-3.0864336490631104,1.6906026601791382,-0.006095923017710447,-0.4790040850639343]","[-0.3535533845424652,0.3535533845424652,0.3535533845424652,1.0606601238250732,0.3535533845424652,-1.0606601238250732,-0.3535533845424652,0.3535533845424652,-1.0606601238250732,-1.0606601238250732,1.0606601238250732,-0.3535533845424652,-0.3535533845424652,-0.3535533845424652,0.3535533845424652,-1.0606601238250732,-0.3535533845424652,1.0606601238250732,-1.0606601238250732,-0.3535533845424652,-3.1819803714752197,1.7677669525146484,0.3535533845424652,-0.3535533845424652]"
9,QTIP bitshift (gpu),2.0,0.20168977483843764,1.1548950652529713,0.008165498002199456,8.684299245942384e-05,"[-0.03253626450896263,0.5037873387336731,0.6429286003112793,1.031564474105835,-1.3338369131088257,-0.42222175002098083,-0.2638885974884033,0.3814389705657959,1.3050490617752075,-0.1421400010585785,-3.1090874671936035,0.031636644154787064,-0.3286612629890442,0.1835225224494934,0.036884430795907974,0.9356050491333008,1.3146450519561768,-1.1755037307739258,-0.20271442830562592,-1.8712100982666016,0.7053022384643555,0.5037873387336731,-0.16073215007781982,0.506186306476593]","[-0.13257279992103577,-0.1029927134513855,0.024481236934661865,0.6083298325538635,-0.9391450881958008,-0.13257279992103577,-0.07350250333547592,0.1029927134513855,1.2194952964782715,0.25233614444732666,-2.335232973098755,-0.9391450881958008,-0.13257279992103577,-0.07350250333547592,0.12270114570856094,1.4591230154037476,0.5733522176742554,-1.034759521484375,-0.49430081248283386,-1.6189000606536865,1.0181772708892822,-0.0931539535522461,0.07350250333547592,0.9858254790306091]"
9,Uniform scalar 2-bit (gpu),2.0,0.1317673835627917,1.461967385854354,7.759599247947335e-05,5.311000859364867e-05,"[-0.03253626450896263,0.5037873387336731,0.6429286003112793,1.031564474105835,-1.3338369131088257,-0.42222175002098083,-0.2638885974884033,0.3814389705657959,1.3050490617752075,-0.1421400010585785,-3.1090874671936035,0.031636644154787064,-0.3286612629890442,0.1835225224494934,0.036884430795907974,0.9356050491333008,1.3146450519561768,-1.1755037307739258,-0.20271442830562592,-1.8712100982666016,0.7053022384643555,0.5037873387336731,-0.16073215007781982,0.506186306476593]","[0.0,1.0,1.0,1.0,-1.0,0.0,0.0,0.0,1.0,0.0,-2.0,0.0,0.0,0.0,0.0,1.0,1.0,-1.0,0.0,-2.0,1.0,1.0,0.0,1.0]"
9,Leech Lattice Vector Quantization (gpu),2.0,0.057903165962886693,2.0551069689060895,0.0012752149923471734,0.00022114500461611897,"[-0.03253626450896263,0.5037873387336731,0.6429286003112793,1.031564474105835,-1.3338369131088257,-0.42222175002098083,-0.2638885974884033,0.3814389705657959,1.3050490617752075,-0.1421400010585785,-3.1090874671936035,0.031636644154787064,-0.3286612629890442,0.1835225224494934,0.036884430795907974,0.9356050491333008,1.3146450519561768,-1.1755037307739258,-0.20271442830562592,-1.8712100982666016,0.7053022384643555,0.5037873387336731,-0.16073215007781982,0.506186306476593]","[0.0,0.7071067690849304,0.7071067690849304,0.7071067690849304,-1.4142135381698608,-0.7071067690849304,0.0,0.7071067690849304,1.4142135381698608,0.0,-2.8284270763397217,0.0,0.0,0.0,0.0,1.4142135381698608,1.4142135381698608,-1.4142135381698608,0.0,-2.1213202476501465,0.7071067690849304,0.0,0.0,0.7071067690849304]"
10,Uniform scalar 2-bit (gpu),2.0,0.16594326200749787,1.2956190770729095,7.773599645588547e-05,4.3050997192040086e-05,"[-0.26550137996673584,0.39825206995010376,-0.29702964425086975,-0.21571986377239227,0.48785877227783203,0.057248733937740326,-1.1151057481765747,-0.33685487508773804,0.713534951210022,0.004615160636603832,1.9514350891113281,-0.20493386685848236,-0.7234912514686584,1.6527460813522339,1.0022677183151245,1.5399079322814941,-0.1451960653066635,-0.4579898715019226,0.15266329050064087,-0.8296917676925659,-0.5177276730537415,-1.3341443538665771,-2.814314603805542,0.3700425326824188]","[0.0,0.0,0.0,0.0,0.0,0.0,-1.0,0.0,1.0,0.0,1.0,0.0,-1.0,1.0,1.0,1.0,0.0,0.0,0.0,-1.0,-1.0,-1.0,-2.0,0.0]"
10,QTIP bitshift (gpu),2.0,0.20556234961941475,1.141176078816882,0.008201725999242626,8.655300189275295e-05,"[-0.26550137996673584,0.39825206995010376,-0.29702964425086975,-0.21571986377239227,0.48785877227783203,0.057248733937740326,-1.1151057481765747,-0.33685487508773804,0.713534951210022,0.004615160636603832,1.9514350891113281,-0.20493386685848236,-0.7234912514686584,1.6527460813522339,1.0022677183151245,1.5399079322814941,-0.1451960653066635,-0.4579898715019226,0.15266329050064087,-0.8296917676925659,-0.5177276730537415,-1.3341443538665771,-2.814314603805542,0.3700425326824188]","[-0.14245736598968506,-0.13257279992103577,-0.0931539535522461,0.06368788331747055,0.8514286875724792,-0.3863752782344818,-1.104142665863037,-0.7308942079544067,1.159889578819275,0.12270114570856094,1.5184290409088135,0.7181638479232788,-0.6806488037109375,2.335232973098755,1.6563239097595215,0.9091304540634155,-0.3134928345680237,-0.7964315414428711,0.5849315524101257,-1.0181772708892822,-0.45050859451293945,-1.3787599802017212,-1.8912291526794434,-0.14245736598968506]"
10,Leech Lattice Vector Quantization (gpu),2.0,0.07087195741193943,1.9093207024002081,0.001226293999934569,0.00014726600784342736,"[-0.26550137996673584,0.39825206995010376,-0.29702964425086975,-0.21571986377239227,0.48785877227783203,0.057248733937740326,-1.1151057481765747,-0.33685487508773804,0.713534951210022,0.004615160636603832,1.9514350891113281,-0.20493386685848236,-0.7234912514686584,1.6527460813522339,1.0022677183151245,1.5399079322814941,-0.1451960653066635,-0.4579898715019226,0.15266329050064087,-0.8296917676925659,-0.5177276730537415,-1.3341443538665771,-2.814314603805542,0.3700425326824188]","[-0.7071067690849304,0.7071067690849304,0.0,-0.7071067690849304,0.7071067690849304,0.0,-1.4142135381698608,0.0,0.7071067690849304,0.0,2.1213202476501465,0.0,-0.7071067690849304,1.4142135381698608,0.7071067690849304,1.4142135381698608,-0.7071067690849304,-0.7071067690849304,0.0,-0.7071067690849304,-0.7071067690849304,-1.4142135381698608,-2.8284270763397217,0.0]"
11,Leech Lattice Vector Quantization (gpu),2.0,0.07049949694024599,1.9131216101038178,0.001109543998609297,0.00015072298992890865,"[-0.26121628284454346,-1.0525479316711426,0.7951731085777283,0.583895206451416,1.2446187734603882,-0.48209768533706665,0.43408000469207764,-0.8143801689147949,-0.9910852909088135,1.1601076126098633,1.4827865362167358,-0.8259044289588928,-1.0525479316711426,-0.8489528894424438,-0.14789451658725739,0.12388566136360168,2.07436466217041,0.6952962875366211,-1.0294994115829468,2.2280211448669434,0.5416396260261536,0.12676672637462616,0.8259044289588928,0.583895206451416]","[0.3535533845424652,-1.0606601238250732,1.0606601238250732,0.3535533845424652,1.0606601238250732,-0.3535533845424652,0.3535533845424652,-1.0606601238250732,-1.0606601238250732,1.0606601238250732,1.0606601238250732,-1.0606601238250732,-1.0606601238250732,-1.0606601238250732,-0.3535533845424652,0.3535533845424652,2.4748737812042236,0.3535533845424652,-1.0606601238250732,1.7677669525146484,0.3535533845424652,0.3535533845424652,1.0606601238250732,0.3535533845424652]"
11,Uniform scalar 2-bit (gpu),2.0,0.1807816082284129,1.2338400876504698,7.713500235695392e-05,4.345200431998819e-05,"[-0.26121628284454346,-1.0525479316711426,0.7951731085777283,0.583895206451416,1.2446187734603882,-0.48209768533706665,0.43408000469207764,-0.8143801689147949,-0.9910852909088135,1.1601076126098633,1.4827865362167358,-0.8259044289588928,-1.0525479316711426,-0.8489528894424438,-0.14789451658725739,0.12388566136360168,2.07436466217041,0.6952962875366211,-1.0294994115829468,2.2280211448669434,0.5416396260261536,0.12676672637462616,0.8259044289588928,0.583895206451416]","[0.0,-1.0,1.0,1.0,1.0,0.0,0.0,-1.0,-1.0,1.0,1.0,-1.0,-1.0,-1.0,0.0,0.0,1.0,1.0,-1.0,1.0,1.0,0.0,1.0,1.0]"
11,QTIP bitshift (gpu),2.0,0.13593882979147734,1.4394852397694506,0.008195654998417012,8.693299605511129e-05,"[-0.26121628284454346,-1.0525479316711426,0.7951731085777283,0.583895206451416,1.2446187734603882,-0.48209768533706665,0.43408000469207764,-0.8143801689147949,-0.9910852909088135,1.1601076126098633,1.4827865362167358,-0.8259044289588928,-1.0525479316711426,-0.8489528894424438,-0.14789451658725739,0.12388566136360168,2.07436466217041,0.6952962875366211,-1.0294994115829468,2.2280211448669434,0.5416396260261536,0.12676672637462616,0.8259044289588928,0.583895206451416]","[-0.2929880917072296,-0.7308942079544067,1.122338056564331,0.0931539535522461,1.0863057374954224,0.004895777907222509,0.5504201054573059,-1.0863057374954224,-0.6930450797080994,1.6563239097595215,0.8514286875724792,-0.3969474136829376,-1.159889578819275,-0.9240337014198303,-0.07350250333547592,0.12270114570856094,1.5184290409088135,0.7181638479232788,-0.6930450797080994,1.8356715440750122,1.122338056564331,0.07350250333547592,0.9544740319252014,-0.18214523792266846]"
12,QTIP bitshift (gpu),2.0,0.1840131140867007,1.2210597319779097,0.008116395998513326,9.865500032901764e-05,"[2.3839097023010254,1.1406880617141724,-0.8074533343315125,0.5991816520690918,0.13537660241127014,0.9099870920181274,0.07409665733575821,-1.7815239429473877,-0.4998520612716675,0.24351766705513,0.7786157131195068,-0.5254855155944824,-0.16020898520946503,1.8327908515930176,0.9676623344421387,1.6533567905426025,-0.7177363038063049,0.4774228036403656,0.804249107837677,1.1470963954925537,-0.28196781873703003,0.21628214418888092,-0.9356204867362976,0.15940794348716736]","[1.5184290409088135,0.6930450797080994,-0.7308942079544067,1.159889578819275,0.1029927134513855,1.2617708444595337,0.32379430532455444,-1.8912291526794434,-0.1029927134513855,0.024481236934661865,0.632066011428833,-0.879913330078125,0.1523558795452118,2.1065540313720703,1.5184290409088135,0.6930450797080994,-0.7308942079544067,1.122338056564331,0.0931539535522461,1.0863057374954224,0.024481236934661865,0.632066011428833,-0.879913330078125,0.12270114570856094]"
12,Leech Lattice Vector Quantization (gpu),2.0,0.062226981266738,2.0031579425567436,0.0019288129988126457,0.0004901509964838624,"[2.3839097023010254,1.1406880617141724,-0.8074533343315125,0.5991816520690918,0.13537660241127014,0.9099870920181274,0.07409665733575821,-1.7815239429473877,-0.4998520612716675,0.24351766705513,0.7786157131195068,-0.5254855155944824,-0.16020898520946503,1.8327908515930176,0.9676623344421387,1.6533567905426025,-0.7177363038063049,0.4774228036403656,0.804249107837677,1.1470963954925537,-0.28196781873703003,0.21628214418888092,-0.9356204867362976,0.15940794348716736]","[2.4748737812042236,1.0606601238250732,-0.3535533845424652,0.3535533845424652,0.3535533845424652,1.0606601238250732,-0.3535533845424652,-1.7677669525146484,-0.3535533845424652,0.3535533845424652,0.3535533845424652,-0.3535533845424652,-0.3535533845424652,1.7677669525146484,0.3535533845424652,1.7677669525146484,-1.0606601238250732,0.3535533845424652,1.0606601238250732,1.0606601238250732,-0.3535533845424652,0.3535533845424652,-1.0606601238250732,0.3535533845424652]"
12,Uniform scalar 2-bit (gpu),2.0,0.18609320037120322,1.2129513543373989,7.865799125283957e-05,4.493400047067553e-05,"[2.3839097023010254,1.1406880617141724,-0.8074533343315125,0.5991816520690918,0.13537660241127014,0.9099870920181274,0.07409665733575821,-1.7815239429473877,-0.4998520612716675,0.24351766705513,0.7786157131195068,-0.5254855155944824,-0.16020898520946503,1.8327908515930176,0.9676623344421387,1.6533567905426025,-0.7177363038063049,0.4774228036403656,0.804249107837677,1.1470963954925537,-0.28196781873703003,0.21628214418888092,-0.9356204867362976,0.15940794348716736]","[1.0,1.0,-1.0,1.0,0.0,1.0,0.0,-2.0,0.0,0.0,1.0,-1.0,0.0,1.0,1.0,1.0,-1.0,0.0,1.0,1.0,0.0,0.0,-1.0,0.0]"
13,QTIP bitshift (gpu),2.0,0.24420236024135525,1.0169254290262761,0.008184482998331077,8.695400902070105e-05,"[0.9816535711288452,-0.9666664600372314,0.49457353353500366,-0.19389531016349792,-0.36156323552131653,-0.5507750511169434,0.32971569895744324,0.29786816239356995,-0.03582848235964775,0.6369507908821106,-0.7718344926834106,0.5133073925971985,-3.5069761276245117,0.8617569208145142,1.2888885736465454,-0.7118861675262451,0.45148569345474243,-0.3578164577484131,0.43649861216545105,1.5661495923995972,-0.4739663004875183,-0.8542633652687073,0.7868215441703796,-0.40465107560157776]","[0.6930450797080994,-0.7437441945075989,0.9544740319252014,-0.19210973381996155,-0.3445020616054535,-0.9391450881958008,-0.13257279992103577,-0.1029927134513855,0.034277018159627914,0.6440681219100952,-0.8374426960945129,0.33413028717041016,-1.8356715440750122,0.034277018159627914,0.66835618019104,-0.7964315414428711,0.632066011428833,-0.8944265246391296,0.06368788331747055,0.9091304540634155,-0.3134928345680237,-0.7830567955970764,0.66835618019104,-0.7830567955970764]"
13,Leech Lattice Vector Quantization (gpu),2.0,0.06911827497962038,1.927394442631713,0.0013156219938537106,0.00015591300325468183,"[0.9816535711288452,-0.9666664600372314,0.49457353353500366,-0.19389531016349792,-0.36156323552131653,-0.5507750511169434,0.32971569895744324,0.29786816239356995,-0.03582848235964775,0.6369507908821106,-0.7718344926834106,0.5133073925971985,-3.5069761276245117,0.8617569208145142,1.2888885736465454,-0.7118861675262451,0.45148569345474243,-0.3578164577484131,0.43649861216545105,1.5661495923995972,-0.4739663004875183,-0.8542633652687073,0.7868215441703796,-0.40465107560157776]","[1.0606601238250732,-1.0606601238250732,0.3535533845424652,-0.3535533845424652,-0.3535533845424652,-1.0606601238250732,0.3535533845424652,0.3535533845424652,-0.3535533845424652,1.0606601238250732,-1.0606601238250732,0.3535533845424652,-3.1819803714752197,1.0606601238250732,1.0606601238250732,-0.3535533845424652,0.3535533845424652,-0.3535533845424652,0.3535533845424652,1.7677669525146484,-0.3535533845424652,-1.0606601238250732,1.0606601238250732,-1.0606601238250732]"
13,Uniform scalar 2-bit (gpu),2.0,0.20792442099093267,1.1329343938529515,8.40680004330352e-05,4.3922002078033984e-05,"[0.9816535711288452,-0.9666664600372314,0.49457353353500366,-0.19389531016349792,-0.36156323552131653,-0.5507750511169434,0.32971569895744324,0.29786816239356995,-0.03582848235964775,0.6369507908821106,-0.7718344926834106,0.5133073925971985,-3.5069761276245117,0.8617569208145142,1.2888885736465454,-0.7118861675262451,0.45148569345474243,-0.3578164577484131,0.43649861216545105,1.5661495923995972,-0.4739663004875183,-0.8542633652687073,0.7868215441703796,-0.40465107560157776]","[1.0,-1.0,0.0,0.0,0.0,-1.0,0.0,0.0,0.0,1.0,-1.0,1.0,-2.0,1.0,1.0,-1.0,0.0,0.0,0.0,1.0,0.0,-1.0,1.0,0.0]"
14,Leech Lattice Vector Quantization (gpu),2.0,0.0761155377323131,1.85783259839742,0.00111952300358098,0.00014309899415820837,"[0.3252929151058197,0.42588552832603455,-0.5904915928840637,1.1600807905197144,1.222787857055664,-0.9458316564559937,1.7557979822158813,-1.8916633129119873,0.19595959782600403,-0.18550841510295868,-0.7577104568481445,0.6584242582321167,-0.014452019706368446,-0.9040269255638123,-1.071245789527893,-1.191434383392334,1.6512861251831055,-1.2123366594314575,1.2750437259674072,-0.06270706653594971,0.6897777915000916,0.5643635988235474,1.35865318775177,0.18942761421203613]","[0.3535533845424652,0.3535533845424652,-0.3535533845424652,1.7677669525146484,1.0606601238250732,-0.3535533845424652,1.7677669525146484,-1.7677669525146484,0.3535533845424652,-0.3535533845424652,-1.0606601238250732,1.0606601238250732,0.3535533845424652,-1.0606601238250732,-1.0606601238250732,-1.0606601238250732,1.7677669525146484,-1.0606601238250732,1.0606601238250732,-0.3535533845424652,0.3535533845424652,0.3535533845424652,1.7677669525146484,0.3535533845424652]"
14,Uniform scalar 2-bit (gpu),2.0,0.10061504470421456,1.6565410222122043,8.07009928394109e-05,4.338099097367376e-05,"[0.3252929151058197,0.42588552832603455,-0.5904915928840637,1.1600807905197144,1.222787857055664,-0.9458316564559937,1.7557979822158813,-1.8916633129119873,0.19595959782600403,-0.18550841510295868,-0.7577104568481445,0.6584242582321167,-0.014452019706368446,-0.9040269255638123,-1.071245789527893,-1.191434383392334,1.6512861251831055,-1.2123366594314575,1.2750437259674072,-0.06270706653594971,0.6897777915000916,0.5643635988235474,1.35865318775177,0.18942761421203613]","[0.0,0.0,-1.0,1.0,1.0,-1.0,1.0,-2.0,0.0,0.0,-1.0,1.0,0.0,-1.0,-1.0,-1.0,1.0,-1.0,1.0,0.0,1.0,1.0,1.0,0.0]"
14,QTIP bitshift (gpu),2.0,0.2142182486669335,1.1114233517702978,0.008209549996536225,8.857699867803603e-05,"[0.3252929151058197,0.42588552832603455,-0.5904915928840637,1.1600807905197144,1.222787857055664,-0.9458316564559937,1.7557979822158813,-1.8916633129119873,0.19595959782600403,-0.18550841510295868,-0.7577104568481445,0.6584242582321167,-0.014452019706368446,-0.9040269255638123,-1.071245789527893,-1.191434383392334,1.6512861251831055,-1.2123366594314575,1.2750437259674072,-0.06270706653594971,0.6897777915000916,0.5643635988235474,1.35865318775177,0.18942761421203613]","[0.034277018159627914,0.7181638479232788,-0.7055488228797913,1.5184290409088135,0.6440681219100952,-0.8374426960945129,0.32379430532455444,-1.9533236026763916,-0.18214523792266846,-0.2929880917072296,-0.756718099117279,0.8514286875724792,-0.40756407380104065,-1.1991522312164307,-1.104142665863037,-0.7830567955970764,0.6930450797080994,-0.7308942079544067,1.122338056564331,0.0931539535522461,1.122338056564331,0.07350250333547592,1.0181772708892822,-0.1029927134513855]"
15,Leech Lattice Vector Quantization (gpu),2.0,0.0678140032592194,1.9411364656532697,0.0012231279979459941,0.0001579569943714887,"[0.4770931303501129,-0.41951289772987366,1.0309598445892334,-0.8445096611976624,0.16451486945152283,1.7328898906707764,-0.2330627292394638,-0.43048056960105896,-0.31120729446411133,0.2563689947128296,1.7986959218978882,-0.43048056960105896,0.9816053509712219,-0.16794225573539734,2.6541731357574463,0.7293492555618286,1.8096635341644287,-0.9103155732154846,-0.5566086173057556,0.19741784036159515,0.8390257954597473,-0.7951551675796509,-0.19467592239379883,-0.7567684054374695]","[0.3535533845424652,-0.3535533845424652,1.0606601238250732,-0.3535533845424652,0.3535533845424652,1.7677669525146484,-0.3535533845424652,-0.3535533845424652,-0.3535533845424652,0.3535533845424652,1.7677669525146484,-0.3535533845424652,1.0606601238250732,-0.3535533845424652,2.4748737812042236,0.3535533845424652,1.7677669525146484,-0.3535533845424652,-0.3535533845424652,0.3535533845424652,0.3535533845424652,-1.0606601238250732,0.3535533845424652,-1.0606601238250732]"
15,QTIP bitshift (gpu),2.0,0.18213149049930386,1.2284738322115496,0.008130451999022625,8.663299377076328e-05,"[0.4770931303501129,-0.41951289772987366,1.0309598445892334,-0.8445096611976624,0.16451486945152283,1.7328898906707764,-0.2330627292394638,-0.43048056960105896,-0.31120729446411133,0.2563689947128296,1.7986959218978882,-0.43048056960105896,0.9816053509712219,-0.16794225573539734,2.6541731357574463,0.7293492555618286,1.8096635341644287,-0.9103155732154846,-0.5566086173057556,0.19741784036159515,0.8390257954597473,-0.7951551675796509,-0.19467592239379883,-0.7567684054374695]","[0.66835618019104,-0.7964315414428711,0.632066011428833,-0.8944265246391296,0.07350250333547592,0.9858254790306091,-0.14245736598968506,-0.13257279992103577,-0.0931539535522461,0.0931539535522461,1.122338056564331,0.0931539535522461,1.159889578819275,0.1523558795452118,2.335232973098755,1.6563239097595215,0.879913330078125,-0.33413028717041016,-0.9091304540634155,0.024481236934661865,0.5849315524101257,-0.9858254790306091,-0.3134928345680237,-0.7830567955970764]"
15,Uniform scalar 2-bit (gpu),2.0,0.25502328940010055,0.9856495230880651,7.881800411269069e-05,4.8501999117434025e-05,"[0.4770931303501129,-0.41951289772987366,1.0309598445892334,-0.8445096611976624,0.16451486945152283,1.7328898906707764,-0.2330627292394638,-0.43048056960105896,-0.31120729446411133,0.2563689947128296,1.7986959218978882,-0.43048056960105896,0.9816053509712219,-0.16794225573539734,2.6541731357574463,0.7293492555618286,1.8096635341644287,-0.9103155732154846,-0.5566086173057556,0.19741784036159515,0.8390257954597473,-0.7951551675796509,-0.19467592239379883,-0.7567684054374695]","[0.0,0.0,1.0,-1.0,0.0,1.0,0.0,0.0,0.0,0.0,1.0,0.0,1.0,0.0,1.0,1.0,1.0,-1.0,-1.0,0.0,1.0,-1.0,0.0,-1.0]"
16,Leech Lattice Vector Quantization (gpu),2.0,0.06981110790080282,1.9201998091728212,0.0016301620053127408,0.0005020529933972284,"[1.2106976509094238,-0.3768235743045807,0.49837958812713623,1.419774055480957,-1.5364677906036377,0.8119940161705017,0.3476501405239105,0.46191278100013733,-0.8557541966438293,-1.799028754234314,1.7309573888778687,0.3160455822944641,1.4975697994232178,0.2273097038269043,-0.17868730425834656,-0.8460296988487244,-0.10453815758228302,-0.17504063248634338,-1.225284457206726,-1.604539155960083,-1.0696927309036255,1.0162080526351929,-0.43273934721946716,-0.4303082227706909]","[1.0606601238250732,-0.3535533845424652,0.3535533845424652,1.7677669525146484,-1.7677669525146484,1.0606601238250732,-0.3535533845424652,0.3535533845424652,-1.0606601238250732,-1.7677669525146484,1.7677669525146484,0.3535533845424652,1.0606601238250732,0.3535533845424652,0.3535533845424652,-1.0606601238250732,0.3535533845424652,-0.3535533845424652,-1.0606601238250732,-1.7677669525146484,-1.0606601238250732,1.0606601238250732,-0.3535533845424652,-0.3535533845424652]"
16,QTIP bitshift (gpu),2.0,0.13683656085774895,1.4347371902649315,0.008154877999913879,8.700300531927496e-05,"[1.2106976509094238,-0.3768235743045807,0.49837958812713623,1.419774055480957,-1.5364677906036377,0.8119940161705017,0.3476501405239105,0.46191278100013733,-0.8557541966438293,-1.799028754234314,1.7309573888778687,0.3160455822944641,1.4975697994232178,0.2273097038269043,-0.17868730425834656,-0.8460296988487244,-0.10453815758228302,-0.17504063248634338,-1.225284457206726,-1.604539155960083,-1.0696927309036255,1.0162080526351929,-0.43273934721946716,-0.4303082227706909]","[1.0181772708892822,-0.11284144967794418,-0.024481236934661865,0.3863752782344818,-1.6189000606536865,1.0863057374954224,-0.004895777907222509,0.4722914695739746,-1.3064303398132324,-1.6189000606536865,1.159889578819275,0.13257279992103577,1.6563239097595215,0.879913330078125,-0.3445020616054535,-0.9544740319252014,-0.2120971381664276,-0.40756407380104065,-1.1991522312164307,-1.104142665863037,-0.756718099117279,0.9091304540634155,-0.2929880917072296,-0.7437441945075989]"
16,Uniform scalar 2-bit (gpu),2.0,0.11966390406000264,1.5314700467710276,7.73250067140907e-05,4.359199374448508e-05,"[1.2106976509094238,-0.3768235743045807,0.49837958812713623,1.419774055480957,-1.5364677906036377,0.8119940161705017,0.3476501405239105,0.46191278100013733,-0.8557541966438293,-1.799028754234314,1.7309573888778687,0.3160455822944641,1.4975697994232178,0.2273097038269043,-0.17868730425834656,-0.8460296988487244,-0.10453815758228302,-0.17504063248634338,-1.225284457206726,-1.604539155960083,-1.0696927309036255,1.0162080526351929,-0.43273934721946716,-0.4303082227706909]","[1.0,0.0,0.0,1.0,-2.0,1.0,0.0,0.0,-1.0,-2.0,1.0,0.0,1.0,0.0,0.0,-1.0,0.0,0.0,-1.0,-2.0,-1.0,1.0,0.0,0.0]"
17,QTIP bitshift (gpu),2.0,0.1691560784012119,1.2817865963419746,0.008101627012365498,8.971898932941258e-05,"[-0.19943590462207794,0.7920044660568237,0.4160892963409424,-0.5538291931152344,-0.7690477967262268,-1.6414005756378174,0.9125269055366516,-0.6399166584014893,0.09039181470870972,-2.180881977081299,-1.6643571853637695,-0.27547982335090637,-0.10689190775156021,1.0387884378433228,-0.6542645692825317,0.31995832920074463,-0.14778344333171844,-0.8034827709197998,0.6427862644195557,-0.32569748163223267,0.6198295950889587,1.8939237594604492,-0.6600037217140198,1.870967149734497]","[0.07350250333547592,0.9858254790306091,-0.17219878733158112,-0.23216964304447174,-0.505395233631134,-1.6563239097595215,0.6440681219100952,-0.8655832409858704,0.19210973381996155,-2.8856348991394043,-1.8912291526794434,-0.1029927134513855,0.034277018159627914,0.6930450797080994,-0.756718099117279,0.9091304540634155,-0.2929880917072296,-0.7437441945075989,1.0181772708892822,-0.0931539535522461,0.0931539535522461,1.122338056564331,0.0931539535522461,1.122338056564331]"
17,Uniform scalar 2-bit (gpu),2.0,0.13961251753755757,1.4202499569800735,7.856800220906734e-05,4.315099795348942e-05,"[-0.19943590462207794,0.7920044660568237,0.4160892963409424,-0.5538291931152344,-0.7690477967262268,-1.6414005756378174,0.9125269055366516,-0.6399166584014893,0.09039181470870972,-2.180881977081299,-1.6643571853637695,-0.27547982335090637,-0.10689190775156021,1.0387884378433228,-0.6542645692825317,0.31995832920074463,-0.14778344333171844,-0.8034827709197998,0.6427862644195557,-0.32569748163223267,0.6198295950889587,1.8939237594604492,-0.6600037217140198,1.870967149734497]","[0.0,1.0,0.0,-1.0,-1.0,-2.0,1.0,-1.0,0.0,-2.0,-2.0,0.0,0.0,1.0,-1.0,0.0,0.0,-1.0,1.0,0.0,1.0,1.0,-1.0,1.0]"
17,Leech Lattice Vector Quantization (gpu),2.0,0.07508120461627031,1.8677022548859756,0.0010275700042257085,0.00014887900033500046,"[-0.19943590462207794,0.7920044660568237,0.4160892963409424,-0.5538291931152344,-0.7690477967262268,-1.6414005756378174,0.9125269055366516,-0.6399166584014893,0.09039181470870972,-2.180881977081299,-1.6643571853637695,-0.27547982335090637,-0.10689190775156021,1.0387884378433228,-0.6542645692825317,0.31995832920074463,-0.14778344333171844,-0.8034827709197998,0.6427862644195557,-0.32569748163223267,0.6198295950889587,1.8939237594604492,-0.6600037217140198,1.870967149734497]","[0.3535533845424652,0.3535533845424652,0.3535533845424652,-0.3535533845424652,-1.0606601238250732,-1.7677669525146484,1.0606601238250732,-0.3535533845424652,0.3535533845424652,-2.4748737812042236,-1.7677669525146484,-0.3535533845424652,-0.3535533845424652,1.0606601238250732,-0.3535533845424652,0.3535533845424652,0.3535533845424652,-0.3535533845424652,0.3535533845424652,-0.3535533845424652,0.3535533845424652,1.7677669525146484,-0.3535533845424652,1.7677669525146484]"
18,QTIP bitshift (gpu),2.0,0.1883004313639173,1.204445842224458,0.008114121010294184,8.636200800538063e-05,"[0.8125293254852295,-0.5269664525985718,-0.10745405405759811,0.16044509410858154,-0.3665213882923126,-1.1658029556274414,0.9243993163108826,0.6270606517791748,-0.6005651354789734,-0.15308523178100586,2.0372111797332764,-1.2011302709579468,0.8655203580856323,0.5652377605438232,-1.6132827997207642,-1.2070181369781494,-0.9538387656211853,0.35621756315231323,-0.6093969941139221,2.343381643295288,0.5770135521888733,-1.2835607528686523,-0.3091144263744354,-0.45042386651039124]","[0.9858254790306091,-0.14245736598968506,-0.1523558795452118,-0.18214523792266846,-0.28278225660324097,-0.7055488228797913,1.4591230154037476,0.632066011428833,-0.9091304540634155,0.034277018159627914,0.7181638479232788,-0.7055488228797913,1.4045462608337402,0.516552209854126,-1.1991522312164307,-1.104142665863037,-0.7830567955970764,0.7181638479232788,-0.7055488228797913,1.4591230154037476,0.5849315524101257,-0.9858254790306091,-0.2929880917072296,-0.7437441945075989]"
18,Uniform scalar 2-bit (gpu),2.0,0.2060666892693694,1.139408338826113,7.848799577914178e-05,4.384299973025918e-05,"[0.8125293254852295,-0.5269664525985718,-0.10745405405759811,0.16044509410858154,-0.3665213882923126,-1.1658029556274414,0.9243993163108826,0.6270606517791748,-0.6005651354789734,-0.15308523178100586,2.0372111797332764,-1.2011302709579468,0.8655203580856323,0.5652377605438232,-1.6132827997207642,-1.2070181369781494,-0.9538387656211853,0.35621756315231323,-0.6093969941139221,2.343381643295288,0.5770135521888733,-1.2835607528686523,-0.3091144263744354,-0.45042386651039124]","[1.0,-1.0,0.0,0.0,0.0,-1.0,1.0,1.0,-1.0,0.0,1.0,-1.0,1.0,1.0,-2.0,-1.0,-1.0,0.0,-1.0,1.0,1.0,-1.0,0.0,0.0]"
18,Leech Lattice Vector Quantization (gpu),2.0,0.07545982616533048,1.864073653801241,0.0012002849980490282,0.00015627399261575192,"[0.8125293254852295,-0.5269664525985718,-0.10745405405759811,0.16044509410858154,-0.3665213882923126,-1.1658029556274414,0.9243993163108826,0.6270606517791748,-0.6005651354789734,-0.15308523178100586,2.0372111797332764,-1.2011302709579468,0.8655203580856323,0.5652377605438232,-1.6132827997207642,-1.2070181369781494,-0.9538387656211853,0.35621756315231323,-0.6093969941139221,2.343381643295288,0.5770135521888733,-1.2835607528686523,-0.3091144263744354,-0.45042386651039124]","[0.3535533845424652,-0.3535533845424652,-0.3535533845424652,0.3535533845424652,-0.3535533845424652,-1.0606601238250732,1.0606601238250732,0.3535533845424652,-0.3535533845424652,-0.3535533845424652,2.4748737812042236,-1.0606601238250732,0.3535533845424652,0.3535533845424652,-1.7677669525146484,-1.0606601238250732,-1.0606601238250732,0.3535533845424652,-0.3535533845424652,1.7677669525146484,1.0606601238250732,-1.0606601238250732,-0.3535533845424652,-0.3535533845424652]"
19,QTIP bitshift (gpu),2.0,0.15309100641814133,1.3537693487071691,0.008120893995510414,8.565100142732263e-05,"[0.0028302178252488375,-1.8009036779403687,-0.9421946406364441,-0.7245357632637024,-0.43829941749572754,0.9899007081985474,-1.085312843322754,0.5456380248069763,0.3801576495170593,-0.16324417293071747,1.192651391029358,1.2761369943618774,-0.32499751448631287,-0.5724726915359497,-1.1091657876968384,-1.574299931526184,1.419255256652832,-1.0435700416564941,-0.03540683910250664,0.22809459269046783,1.574299931526184,-0.381648451089859,1.8843892812728882,0.026275601238012314]","[0.25233614444732666,-2.335232973098755,-0.9858254790306091,-0.3134928345680237,-0.7830567955970764,0.6930450797080994,-0.7437441945075989,1.0181772708892822,-0.07350250333547592,0.13257279992103577,1.7390198707580566,0.9544740319252014,-0.2221222072839737,-0.4396974444389343,-1.3297709226608276,-1.6962224245071411,0.6083298325538635,-0.9240337014198303,-0.0931539535522461,0.0931539535522461,1.122338056564331,0.0931539535522461,1.0516313314437866,-0.044076092541217804]"
19,Leech Lattice Vector Quantization (gpu),2.0,0.06374176912475053,1.9858086315544023,0.001915507993544452,0.00015473099483642727,"[0.0028302178252488375,-1.8009036779403687,-0.9421946406364441,-0.7245357632637024,-0.43829941749572754,0.9899007081985474,-1.085312843322754,0.5456380248069763,0.3801576495170593,-0.16324417293071747,1.192651391029358,1.2761369943618774,-0.32499751448631287,-0.5724726915359497,-1.1091657876968384,-1.574299931526184,1.419255256652832,-1.0435700416564941,-0.03540683910250664,0.22809459269046783,1.574299931526184,-0.381648451089859,1.8843892812728882,0.026275601238012314]","[-0.3535533845424652,-1.7677669525146484,-0.3535533845424652,-0.3535533845424652,-0.3535533845424652,1.0606601238250732,-1.0606601238250732,0.3535533845424652,0.3535533845424652,0.3535533845424652,1.0606601238250732,1.0606601238250732,-0.3535533845424652,-0.3535533845424652,-1.0606601238250732,-1.7677669525146484,1.7677669525146484,-1.0606601238250732,0.3535533845424652,0.3535533845424652,1.7677669525146484,-0.3535533845424652,1.7677669525146484,0.3535533845424652]"
19,Uniform scalar 2-bit (gpu),2.0,0.11583921189805362,1.5549022684706117,7.83970026532188e-05,4.395199357531965e-05,"[0.0028302178252488375,-1.8009036779403687,-0.9421946406364441,-0.7245357632637024,-0.43829941749572754,0.9899007081985474,-1.085312843322754,0.5456380248069763,0.3801576495170593,-0.16324417293071747,1.192651391029358,1.2761369943618774,-0.32499751448631287,-0.5724726915359497,-1.1091657876968384,-1.574299931526184,1.419255256652832,-1.0435700416564941,-0.03540683910250664,0.22809459269046783,1.574299931526184,-0.381648451089859,1.8843892812728882,0.026275601238012314]","[0.0,-2.0,-1.0,-1.0,0.0,1.0,-1.0,1.0,0.0,0.0,1.0,1.0,0.0,-1.0,-1.0,-2.0,1.0,-1.0,0.0,0.0,1.0,0.0,1.0,0.0]"
20,Uniform scalar 2-bit (gpu),2.0,0.0980660401535095,1.6750513318817413,7.554198964498937e-05,4.347199865151197e-05,"[0.06776802241802216,0.22363446652889252,0.310038685798645,0.2914024889469147,-1.3214764595031738,-1.7484149932861328,0.9080914855003357,-0.2693778872489929,-1.4163516759872437,-0.40491393208503723,1.1181724071502686,0.4286327362060547,-0.005029657855629921,-0.008259227499365807,0.701399028301239,0.5760281682014465,-0.18127945065498352,1.667093276977539,0.45404574275016785,-0.12367663532495499,-0.9555290937423706,-2.4260952472686768,0.596358597278595,-1.8568438291549683]","[0.0,0.0,0.0,0.0,-1.0,-2.0,1.0,0.0,-1.0,0.0,1.0,0.0,0.0,0.0,1.0,1.0,0.0,1.0,0.0,0.0,-1.0,-2.0,1.0,-2.0]"
20,QTIP bitshift (gpu),2.0,0.09856872963356696,1.6713631275998315,0.00813881799695082,8.731399429962039e-05,"[0.06776802241802216,0.22363446652889252,0.310038685798645,0.2914024889469147,-1.3214764595031738,-1.7484149932861328,0.9080914855003357,-0.2693778872489929,-1.4163516759872437,-0.40491393208503723,1.1181724071502686,0.4286327362060547,-0.005029657855629921,-0.008259227499365807,0.701399028301239,0.5760281682014465,-0.18127945065498352,1.667093276977539,0.45404574275016785,-0.12367663532495499,-0.9555290937423706,-2.4260952472686768,0.596358597278595,-1.8568438291549683]","[-0.13257279992103577,-0.1029927134513855,-0.004895777907222509,0.4722914695739746,-1.3064303398132324,-1.6563239097595215,0.8514286875724792,-0.3863752782344818,-1.104142665863037,-0.7437441945075989,0.9858254790306091,-0.13257279992103577,-0.0931539535522461,0.07350250333547592,1.0181772708892822,-0.07350250333547592,0.13257279992103577,1.6563239097595215,0.8236187100410461,-0.4396974444389343,-1.353859305381775,-1.7852624654769897,0.32379430532455444,-1.8912291526794434]"
20,Leech Lattice Vector Quantization (gpu),2.0,0.05147664881596034,2.1399690759882755,0.0009780969994608313,0.0001559630036354065,"[0.06776802241802216,0.22363446652889252,0.310038685798645,0.2914024889469147,-1.3214764595031738,-1.7484149932861328,0.9080914855003357,-0.2693778872489929,-1.4163516759872437,-0.40491393208503723,1.1181724071502686,0.4286327362060547,-0.005029657855629921,-0.008259227499365807,0.701399028301239,0.5760281682014465,-0.18127945065498352,1.667093276977539,0.45404574275016785,-0.12367663532495499,-0.9555290937423706,-2.4260952472686768,0.596358597278595,-1.8568438291549683]","[0.3535533845424652,0.3535533845424652,0.3535533845424652,0.3535533845424652,-1.0606601238250732,-1.7677669525146484,0.3535533845424652,-0.3535533845424652,-1.7677669525146484,-0.3535533845424652,1.0606601238250732,0.3535533845424652,0.3535533845424652,0.3535533845424652,0.3535533845424652,0.3535533845424652,-0.3535533845424652,1.7677669525146484,0.3535533845424652,-0.3535533845424652,-1.0606601238250732,-2.4748737812042236,0.3535533845424652,-1.7677669525146484]"
21,QTIP bitshift (gpu),2.0,0.18979700024377424,1.1987354818337386,0.00808672999846749,8.645300113130361e-05,"[-1.0589669942855835,-0.39027655124664307,-0.20508162677288055,-0.6562612056732178,-1.2578339576721191,-0.2883571982383728,0.8004398345947266,-2.1278772354125977,-1.0191935300827026,-1.3224657773971558,0.0764395147562027,0.03884121775627136,0.7159213423728943,-1.1733155250549316,2.2969143390655518,-1.073881983757019,1.0440518856048584,-0.16903698444366455,-0.7457513809204102,-0.43502163887023926,-0.1124841645359993,1.5412194728851318,0.1889236867427826,0.13672108948230743]","[-0.9391450881958008,-0.1523558795452118,-0.19210973381996155,-0.33413028717041016,-0.9240337014198303,-0.044076092541217804,0.24224059283733368,-2.5205020904541016,-1.159889578819275,-0.9240337014198303,-0.1029927134513855,0.034277018159627914,0.66835618019104,-0.7830567955970764,0.6930450797080994,-0.756718099117279,0.879913330078125,-0.3445020616054535,-0.9240337014198303,-0.0931539535522461,0.0931539535522461,1.0863057374954224,0.024481236934661865,0.6083298325538635]"
21,Uniform scalar 2-bit (gpu),2.0,0.12816906616596008,1.481940023683788,7.799601007718593e-05,4.448399704415351e-05,"[-1.0589669942855835,-0.39027655124664307,-0.20508162677288055,-0.6562612056732178,-1.2578339576721191,-0.2883571982383728,0.8004398345947266,-2.1278772354125977,-1.0191935300827026,-1.3224657773971558,0.0764395147562027,0.03884121775627136,0.7159213423728943,-1.1733155250549316,2.2969143390655518,-1.073881983757019,1.0440518856048584,-0.16903698444366455,-0.7457513809204102,-0.43502163887023926,-0.1124841645359993,1.5412194728851318,0.1889236867427826,0.13672108948230743]","[-1.0,0.0,0.0,-1.0,-1.0,0.0,1.0,-2.0,-1.0,-1.0,0.0,0.0,1.0,-1.0,1.0,-1.0,1.0,0.0,-1.0,0.0,0.0,1.0,0.0,0.0]"
21,Leech Lattice Vector Quantization (gpu),2.0,0.07418952330072297,1.87632038931941,0.001461245003156364,0.00014645500050392002,"[-1.0589669942855835,-0.39027655124664307,-0.20508162677288055,-0.6562612056732178,-1.2578339576721191,-0.2883571982383728,0.8004398345947266,-2.1278772354125977,-1.0191935300827026,-1.3224657773971558,0.0764395147562027,0.03884121775627136,0.7159213423728943,-1.1733155250549316,2.2969143390655518,-1.073881983757019,1.0440518856048584,-0.16903698444366455,-0.7457513809204102,-0.43502163887023926,-0.1124841645359993,1.5412194728851318,0.1889236867427826,0.13672108948230743]","[-1.0606601238250732,-0.3535533845424652,-0.3535533845424652,-0.3535533845424652,-1.0606601238250732,-0.3535533845424652,1.0606601238250732,-1.7677669525146484,-1.0606601238250732,-1.0606601238250732,0.3535533845424652,0.3535533845424652,0.3535533845424652,-1.7677669525146484,2.4748737812042236,-1.0606601238250732,1.0606601238250732,-0.3535533845424652,-1.0606601238250732,-0.3535533845424652,0.3535533845424652,1.0606601238250732,0.3535533845424652,0.3535533845424652]"
22,Uniform scalar 2-bit (gpu),2.0,0.24421382759433538,1.016891558489913,7.739500142633915e-05,4.338199505582452e-05,"[1.3738998174667358,1.1347395181655884,0.03927699849009514,-0.02639668621122837,-1.3535457849502563,0.4427010715007782,-1.1347395181655884,0.2569701671600342,0.6029893755912781,0.9668183922767639,-0.9769954681396484,1.5672634840011597,-0.511396050453186,-0.3460192084312439,1.2466869354248047,0.7531006336212158,0.16410470008850098,0.3485634922981262,0.5037632584571838,0.5164845585823059,2.8699240684509277,-1.0075265169143677,-0.5495599508285522,-0.08014415949583054]","[1.0,1.0,0.0,0.0,-1.0,0.0,-1.0,0.0,1.0,1.0,-1.0,1.0,-1.0,0.0,1.0,1.0,0.0,0.0,1.0,1.0,1.0,-1.0,-1.0,0.0]"
22,Leech Lattice Vector Quantization (gpu),2.0,0.0683829794419387,1.9351094094272443,0.0010109790018759668,0.00014537300739903003,"[1.3738998174667358,1.1347395181655884,0.03927699849009514,-0.02639668621122837,-1.3535457849502563,0.4427010715007782,-1.1347395181655884,0.2569701671600342,0.6029893755912781,0.9668183922767639,-0.9769954681396484,1.5672634840011597,-0.511396050453186,-0.3460192084312439,1.2466869354248047,0.7531006336212158,0.16410470008850098,0.3485634922981262,0.5037632584571838,0.5164845585823059,2.8699240684509277,-1.0075265169143677,-0.5495599508285522,-0.08014415949583054]","[1.4142135381698608,0.7071067690849304,0.0,0.0,-1.4142135381698608,0.7071067690849304,-1.4142135381698608,0.0,0.7071067690849304,0.7071067690849304,-0.7071067690849304,2.1213202476501465,-0.7071067690849304,-0.7071067690849304,1.4142135381698608,0.7071067690849304,0.0,0.0,0.7071067690849304,0.0,2.8284270763397217,-0.7071067690849304,-0.7071067690849304,0.0]"
22,QTIP bitshift (gpu),2.0,0.30620691126576666,0.8537105802879518,0.00839400700351689,8.72329983394593e-05,"[1.3738998174667358,1.1347395181655884,0.03927699849009514,-0.02639668621122837,-1.3535457849502563,0.4427010715007782,-1.1347395181655884,0.2569701671600342,0.6029893755912781,0.9668183922767639,-0.9769954681396484,1.5672634840011597,-0.511396050453186,-0.3460192084312439,1.2466869354248047,0.7531006336212158,0.16410470008850098,0.3485634922981262,0.5037632584571838,0.5164845585823059,2.8699240684509277,-1.0075265169143677,-0.5495599508285522,-0.08014415949583054]","[1.8356715440750122,1.0516313314437866,-0.024481236934661865,0.3653585910797119,-1.6962224245071411,0.6083298325538635,-0.9240337014198303,-0.1029927134513855,0.034277018159627914,0.6930450797080994,-0.756718099117279,0.9091304540634155,-0.28278225660324097,-0.6930450797080994,1.7390198707580566,1.0181772708892822,-0.0931539535522461,0.0931539535522461,1.122338056564331,0.06368788331747055,0.879913330078125,-0.33413028717041016,-0.879913330078125,0.13257279992103577]"
23,Leech Lattice Vector Quantization (gpu),2.0,0.06958602842090646,1.922529295365769,0.0015780740068294108,0.00014574400847777724,"[2.3205368518829346,0.7492316365242004,0.8480886220932007,0.30827760696411133,0.02959204837679863,1.1550654172897339,-0.17299966514110565,-0.6659836769104004,2.3621609210968018,-0.6243597269058228,-0.697201669216156,-0.04259954392910004,0.3407963514328003,0.4708712697029114,-0.1216200664639473,1.9875450134277344,-0.9365395903587341,-0.9209305644035339,0.40063080191612244,1.3735913038253784,0.6581791639328003,0.024389050900936127,0.650374710559845,-0.20291690528392792]","[2.4748737812042236,1.0606601238250732,1.0606601238250732,0.3535533845424652,0.3535533845424652,1.0606601238250732,-0.3535533845424652,-1.0606601238250732,2.4748737812042236,-0.3535533845424652,-0.3535533845424652,0.3535533845424652,0.3535533845424652,0.3535533845424652,0.3535533845424652,1.7677669525146484,-1.0606601238250732,-1.0606601238250732,0.3535533845424652,1.0606601238250732,1.0606601238250732,-0.3535533845424652,0.3535533845424652,-0.3535533845424652]"
23,Uniform scalar 2-bit (gpu),2.0,0.2541843093458767,0.9880265941735961,7.738599379081279e-05,4.315099795348942e-05,"[2.3205368518829346,0.7492316365242004,0.8480886220932007,0.30827760696411133,0.02959204837679863,1.1550654172897339,-0.17299966514110565,-0.6659836769104004,2.3621609210968018,-0.6243597269058228,-0.697201669216156,-0.04259954392910004,0.3407963514328003,0.4708712697029114,-0.1216200664639473,1.9875450134277344,-0.9365395903587341,-0.9209305644035339,0.40063080191612244,1.3735913038253784,0.6581791639328003,0.024389050900936127,0.650374710559845,-0.20291690528392792]","[1.0,1.0,1.0,0.0,0.0,1.0,0.0,-1.0,1.0,-1.0,-1.0,0.0,0.0,0.0,0.0,1.0,-1.0,-1.0,0.0,1.0,1.0,0.0,1.0,0.0]"
23,QTIP bitshift (gpu),2.0,0.2665302508108764,0.9538144392696138,0.00818885100306943,8.555100066587329e-05,"[2.3205368518829346,0.7492316365242004,0.8480886220932007,0.30827760696411133,0.02959204837679863,1.1550654172897339,-0.17299966514110565,-0.6659836769104004,2.3621609210968018,-0.6243597269058228,-0.697201669216156,-0.04259954392910004,0.3407963514328003,0.4708712697029114,-0.1216200664639473,1.9875450134277344,-0.9365395903587341,-0.9209305644035339,0.40063080191612244,1.3735913038253784,0.6581791639328003,0.024389050900936127,0.650374710559845,-0.20291690528392792]","[2.335232973098755,1.7390198707580566,1.0181772708892822,-0.0931539535522461,0.06368788331747055,0.9091304540634155,-0.2929880917072296,-0.756718099117279,0.879913330078125,-0.3445020616054535,-0.9240337014198303,-0.0931539535522461,0.0931539535522461,1.122338056564331,0.06368788331747055,0.879913330078125,-0.33413028717041016,-0.879913330078125,0.13257279992103577,1.8356715440750122,1.0863057374954224,0.034277018159627914,0.7181638479232788,-0.6806488037109375]"
24,Uniform scalar 2-bit (gpu),2.0,0.24000396726570306,1.02943485174625,9.024899918586016e-05,4.405299841891974e-05,"[-1.625980019569397,0.7323116064071655,-0.7943719029426575,0.8874623775482178,-0.5275126099586487,0.943316638469696,-1.005376935005188,0.24824123084545135,-1.0860553979873657,0.7912688851356506,0.6981784701347351,-0.29633796215057373,-1.520477533340454,-0.3273681104183197,0.0504239983856678,0.9991709589958191,2.9168343544006348,0.44993722438812256,-1.3032664060592651,0.33047112822532654,0.5802638530731201,0.5616457462310791,0.35684674978256226,0.24979273974895477]","[-2.0,1.0,-1.0,1.0,-1.0,1.0,-1.0,0.0,-1.0,1.0,1.0,0.0,-2.0,0.0,0.0,1.0,1.0,0.0,-1.0,0.0,1.0,1.0,0.0,0.0]"
24,Leech Lattice Vector Quantization (gpu),2.0,0.07112562543126472,1.9067433092942636,0.0016637149965390563,0.00025959699996747077,"[-1.625980019569397,0.7323116064071655,-0.7943719029426575,0.8874623775482178,-0.5275126099586487,0.943316638469696,-1.005376935005188,0.24824123084545135,-1.0860553979873657,0.7912688851356506,0.6981784701347351,-0.29633796215057373,-1.520477533340454,-0.3273681104183197,0.0504239983856678,0.9991709589958191,2.9168343544006348,0.44993722438812256,-1.3032664060592651,0.33047112822532654,0.5802638530731201,0.5616457462310791,0.35684674978256226,0.24979273974895477]","[-1.7677669525146484,1.0606601238250732,-1.0606601238250732,1.0606601238250732,-0.3535533845424652,1.0606601238250732,-0.3535533845424652,0.3535533845424652,-1.0606601238250732,1.0606601238250732,0.3535533845424652,-0.3535533845424652,-1.0606601238250732,-0.3535533845424652,-0.3535533845424652,1.0606601238250732,3.1819803714752197,0.3535533845424652,-1.0606601238250732,0.3535533845424652,1.0606601238250732,0.3535533845424652,0.3535533845424652,0.3535533845424652]"
24,QTIP bitshift (gpu),2.0,0.21334111771538886,1.1143829554615554,0.00842351300525479,8.640201122034341e-05,"[-1.625980019569397,0.7323116064071655,-0.7943719029426575,0.8874623775482178,-0.5275126099586487,0.943316638469696,-1.005376935005188,0.24824123084545135,-1.0860553979873657,0.7912688851356506,0.6981784701347351,-0.29633796215057373,-1.520477533340454,-0.3273681104183197,0.0504239983856678,0.9991709589958191,2.9168343544006348,0.44993722438812256,-1.3032664060592651,0.33047112822532654,0.5802638530731201,0.5616457462310791,0.35684674978256226,0.24979273974895477]","[-1.6563239097595215,0.66835618019104,-0.7830567955970764,0.66835618019104,-0.7830567955970764,0.66835618019104,-0.7964315414428711,0.632066011428833,-0.8944265246391296,0.044076092541217804,0.7830567955970764,-0.5504201054573059,-1.8912291526794434,-0.13257279992103577,-0.07350250333547592,0.12270114570856094,1.4591230154037476,0.6083298325538635,-0.9240337014198303,-0.0931539535522461,0.0931539535522461,1.0516313314437866,-0.024481236934661865,0.3653585910797119]"
25,Uniform scalar 2-bit (gpu),2.0,0.12794760393474156,1.483187428701434,7.732499216217548e-05,4.337199789006263e-05,"[0.4583413600921631,-1.3262643814086914,0.5883672833442688,-0.5396075248718262,-1.3132617473602295,-0.9751943945884705,0.68913733959198,-1.7683525085449219,-0.3494446575641632,-0.594868540763855,0.9036800861358643,-1.053209900856018,0.2974342703819275,-0.06826360523700714,-1.0402072668075562,-0.6533802151679993,-0.8906775116920471,-0.627375066280365,1.75534987449646,-0.6923879981040955,-0.8126619458198547,0.8516697287559509,1.7943576574325562,1.3262643814086914]","[0.0,-1.0,1.0,-1.0,-1.0,-1.0,1.0,-2.0,0.0,-1.0,1.0,-1.0,0.0,0.0,-1.0,-1.0,-1.0,-1.0,1.0,-1.0,-1.0,1.0,1.0,1.0]"
25,Leech Lattice Vector Quantization (gpu),2.0,0.06499955373928894,1.9717131347324315,0.0011153250088682398,0.00014543300494551659,"[0.4583413600921631,-1.3262643814086914,0.5883672833442688,-0.5396075248718262,-1.3132617473602295,-0.9751943945884705,0.68913733959198,-1.7683525085449219,-0.3494446575641632,-0.594868540763855,0.9036800861358643,-1.053209900856018,0.2974342703819275,-0.06826360523700714,-1.0402072668075562,-0.6533802151679993,-0.8906775116920471,-0.627375066280365,1.75534987449646,-0.6923879981040955,-0.8126619458198547,0.8516697287559509,1.7943576574325562,1.3262643814086914]","[0.3535533845424652,-1.0606601238250732,1.0606601238250732,-0.3535533845424652,-1.0606601238250732,-1.0606601238250732,0.3535533845424652,-1.7677669525146484,-0.3535533845424652,-0.3535533845424652,1.0606601238250732,-1.0606601238250732,0.3535533845424652,-0.3535533845424652,-1.0606601238250732,-0.3535533845424652,-0.3535533845424652,-0.3535533845424652,1.7677669525146484,-0.3535533845424652,-1.0606601238250732,1.0606601238250732,1.7677669525146484,1.7677669525146484]"
25,QTIP bitshift (gpu),2.0,0.10229638628314819,1.64458640318876,0.008260867005446926,8.703400089871138e-05,"[0.4583413600921631,-1.3262643814086914,0.5883672833442688,-0.5396075248718262,-1.3132617473602295,-0.9751943945884705,0.68913733959198,-1.7683525085449219,-0.3494446575641632,-0.594868540763855,0.9036800861358643,-1.053209900856018,0.2974342703819275,-0.06826360523700714,-1.0402072668075562,-0.6533802151679993,-0.8906775116920471,-0.627375066280365,1.75534987449646,-0.6923879981040955,-0.8126619458198547,0.8516697287559509,1.7943576574325562,1.3262643814086914]","[0.3863752782344818,-1.6563239097595215,0.8514286875724792,-0.3863752782344818,-1.122338056564331,-0.8374426960945129,0.3032245337963104,-1.9533236026763916,-0.3134928345680237,-0.7964315414428711,0.6083298325538635,-0.9544740319252014,-0.19210973381996155,-0.35491102933883667,-1.0018702745437622,-0.3863752782344818,-1.104142665863037,-0.756718099117279,0.879913330078125,-0.33413028717041016,-0.879913330078125,0.1523558795452118,1.9533236026763916,1.3064303398132324]"
26,Leech Lattice Vector Quantization (gpu),2.0,0.07741537974799868,1.8456179308460927,0.001137016006396152,0.00014552399807143956,"[1.5520000457763672,1.335898756980896,0.18090295791625977,1.3228017091751099,-1.0674093961715698,-0.8054683804512024,-0.2357468456029892,0.8054683804512024,-1.5454515218734741,0.35034599900245667,-0.2750380039215088,-1.080506443977356,-0.595915675163269,-0.27176374197006226,0.8578565716743469,1.1656372547149658,1.5061603784561157,-1.8073924779891968,-1.6698734760284424,0.24229536950588226,0.2783122658729553,0.8251139521598816,0.19809283316135406,-0.27176374197006226]","[1.7677669525146484,1.0606601238250732,0.3535533845424652,1.0606601238250732,-1.0606601238250732,-0.3535533845424652,-0.3535533845424652,0.3535533845424652,-1.0606601238250732,0.3535533845424652,-0.3535533845424652,-1.0606601238250732,-1.0606601238250732,0.3535533845424652,1.0606601238250732,1.0606601238250732,1.0606601238250732,-1.7677669525146484,-1.7677669525146484,0.3535533845424652,0.3535533845424652,1.0606601238250732,0.3535533845424652,-0.3535533845424652]"
26,QTIP bitshift (gpu),2.0,0.158593378096703,1.3282977205040785,0.008163314007106237,8.652200631331652e-05,"[1.5520000457763672,1.335898756980896,0.18090295791625977,1.3228017091751099,-1.0674093961715698,-0.8054683804512024,-0.2357468456029892,0.8054683804512024,-1.5454515218734741,0.35034599900245667,-0.2750380039215088,-1.080506443977356,-0.595915675163269,-0.27176374197006226,0.8578565716743469,1.1656372547149658,1.5061603784561157,-1.8073924779891968,-1.6698734760284424,0.24229536950588226,0.2783122658729553,0.8251139521598816,0.19809283316135406,-0.27176374197006226]","[1.8356715440750122,1.0863057374954224,0.004895777907222509,0.527773916721344,-1.1409127712249756,-0.9240337014198303,-0.024481236934661865,0.3863752782344818,-1.6563239097595215,0.8514286875724792,-0.3969474136829376,-1.159889578819275,-0.9240337014198303,-0.07350250333547592,0.12270114570856094,1.353859305381775,0.46137264370918274,-1.3787599802017212,-1.8912291526794434,-0.0931539535522461,0.07350250333547592,1.0181772708892822,-0.07350250333547592,0.13257279992103577]"
26,Uniform scalar 2-bit (gpu),2.0,0.08619392553136736,1.7681349350881954,7.762500899843872e-05,4.40419971710071e-05,"[1.5520000457763672,1.335898756980896,0.18090295791625977,1.3228017091751099,-1.0674093961715698,-0.8054683804512024,-0.2357468456029892,0.8054683804512024,-1.5454515218734741,0.35034599900245667,-0.2750380039215088,-1.080506443977356,-0.595915675163269,-0.27176374197006226,0.8578565716743469,1.1656372547149658,1.5061603784561157,-1.8073924779891968,-1.6698734760284424,0.24229536950588226,0.2783122658729553,0.8251139521598816,0.19809283316135406,-0.27176374197006226]","[1.0,1.0,0.0,1.0,-1.0,-1.0,0.0,1.0,-2.0,0.0,0.0,-1.0,-1.0,0.0,1.0,1.0,1.0,-2.0,-2.0,0.0,0.0,1.0,0.0,0.0]"
27,QTIP bitshift (gpu),2.0,0.09838349759837532,1.6727199714161916,0.008060420994297601,9.349500760436058e-05,"[0.4247386157512665,-0.1580422818660736,0.3605339527130127,-0.3951056897640228,-2.2916131019592285,0.6173526644706726,-0.11544495075941086,-1.3828699588775635,-1.2347053289413452,1.6001781225204468,1.4618910551071167,0.1247052401304245,-1.6495662927627563,0.459310382604599,-0.33830925822257996,-0.6914349794387817,-1.1309900283813477,-0.1642158031463623,0.2160734236240387,-0.06698276102542877,-1.0914795398712158,-1.7582203149795532,-0.288921058177948,-0.6815573573112488]","[-0.0931539535522461,0.044076092541217804,0.8099502921104431,-0.49430081248283386,-1.6563239097595215,0.8236187100410461,-0.4396974444389343,-1.3064303398132324,-1.550199031829834,1.9533236026763916,1.3064303398132324,0.3863752782344818,-1.6563239097595215,0.8514286875724792,-0.3969474136829376,-1.159889578819275,-0.9240337014198303,-0.1029927134513855,-0.004895777907222509,0.46137264370918274,-1.3787599802017212,-2.0240135192871094,-0.3445020616054535,-0.9240337014198303]"
27,Leech Lattice Vector Quantization (gpu),2.0,0.07472941642723308,1.8710900157184998,0.0010044169903267175,0.00015037201228551567,"[0.4247386157512665,-0.1580422818660736,0.3605339527130127,-0.3951056897640228,-2.2916131019592285,0.6173526644706726,-0.11544495075941086,-1.3828699588775635,-1.2347053289413452,1.6001781225204468,1.4618910551071167,0.1247052401304245,-1.6495662927627563,0.459310382604599,-0.33830925822257996,-0.6914349794387817,-1.1309900283813477,-0.1642158031463623,0.2160734236240387,-0.06698276102542877,-1.0914795398712158,-1.7582203149795532,-0.288921058177948,-0.6815573573112488]","[0.3535533845424652,0.3535533845424652,0.3535533845424652,-0.3535533845424652,-2.4748737812042236,0.3535533845424652,-0.3535533845424652,-1.0606601238250732,-1.0606601238250732,1.7677669525146484,1.0606601238250732,0.3535533845424652,-1.7677669525146484,0.3535533845424652,0.3535533845424652,-1.0606601238250732,-1.0606601238250732,-0.3535533845424652,0.3535533845424652,0.3535533845424652,-1.0606601238250732,-1.7677669525146484,-0.3535533845424652,-0.3535533845424652]"
27,Uniform scalar 2-bit (gpu),2.0,0.10072852992469804,1.6557279142937495,7.668400940019637e-05,4.355200508143753e-05,"[0.4247386157512665,-0.1580422818660736,0.3605339527130127,-0.3951056897640228,-2.2916131019592285,0.6173526644706726,-0.11544495075941086,-1.3828699588775635,-1.2347053289413452,1.6001781225204468,1.4618910551071167,0.1247052401304245,-1.6495662927627563,0.459310382604599,-0.33830925822257996,-0.6914349794387817,-1.1309900283813477,-0.1642158031463623,0.2160734236240387,-0.06698276102542877,-1.0914795398712158,-1.7582203149795532,-0.288921058177948,-0.6815573573112488]","[0.0,0.0,0.0,0.0,-2.0,1.0,0.0,-1.0,-1.0,1.0,1.0,0.0,-2.0,0.0,0.0,-1.0,-1.0,0.0,0.0,0.0,-1.0,-2.0,0.0,-1.0]"
28,Uniform scalar 2-bit (gpu),2.0,0.15568681634673776,1.3416406215145495,7.449000258930027e-05,4.298100247979164e-05,"[-0.20930026471614838,-0.3776504695415497,-0.861467719078064,0.36400043964385986,1.7108020782470703,0.8311343789100647,1.832135558128357,-1.0192012786865234,-1.6258686780929565,0.1122334748506546,-1.4620684385299683,0.2896836996078491,0.6127340793609619,0.4398338794708252,1.7472021579742432,-0.3882671594619751,0.6703674793243408,0.5005006194114685,-0.018958356231451035,-0.3776504695415497,-2.038402557373047,1.0556013584136963,-0.34883376955986023,-0.20475025475025177]","[0.0,0.0,-1.0,0.0,1.0,1.0,1.0,-1.0,-2.0,0.0,-1.0,0.0,1.0,0.0,1.0,0.0,1.0,1.0,0.0,0.0,-2.0,1.0,0.0,0.0]"
28,Leech Lattice Vector Quantization (gpu),2.0,0.06841189410373065,1.9348044725472988,0.0016903350042412058,0.00014483300037682056,"[-0.20930026471614838,-0.3776504695415497,-0.861467719078064,0.36400043964385986,1.7108020782470703,0.8311343789100647,1.832135558128357,-1.0192012786865234,-1.6258686780929565,0.1122334748506546,-1.4620684385299683,0.2896836996078491,0.6127340793609619,0.4398338794708252,1.7472021579742432,-0.3882671594619751,0.6703674793243408,0.5005006194114685,-0.018958356231451035,-0.3776504695415497,-2.038402557373047,1.0556013584136963,-0.34883376955986023,-0.20475025475025177]","[-0.3535533845424652,-0.3535533845424652,-1.0606601238250732,0.3535533845424652,1.7677669525146484,1.0606601238250732,1.7677669525146484,-1.0606601238250732,-1.7677669525146484,0.3535533845424652,-1.7677669525146484,0.3535533845424652,0.3535533845424652,0.3535533845424652,1.0606601238250732,-0.3535533845424652,0.3535533845424652,0.3535533845424652,-0.3535533845424652,-1.0606601238250732,-1.7677669525146484,1.0606601238250732,-0.3535533845424652,-0.3535533845424652]"
28,QTIP bitshift (gpu),2.0,0.18227887506277218,1.2278903261252962,0.008174185000825673,9.769399184733629e-05,"[-0.20930026471614838,-0.3776504695415497,-0.861467719078064,0.36400043964385986,1.7108020782470703,0.8311343789100647,1.832135558128357,-1.0192012786865234,-1.6258686780929565,0.1122334748506546,-1.4620684385299683,0.2896836996078491,0.6127340793609619,0.4398338794708252,1.7472021579742432,-0.3882671594619751,0.6703674793243408,0.5005006194114685,-0.018958356231451035,-0.3776504695415497,-2.038402557373047,1.0556013584136963,-0.34883376955986023,-0.20475025475025177]","[-0.19210973381996155,-0.33413028717041016,-0.879913330078125,0.1523558795452118,2.335232973098755,1.5836154222488403,0.8099502921104431,-0.516552209854126,-1.7852624654769897,0.33413028717041016,-1.8356715440750122,0.0931539535522461,1.122338056564331,0.0931539535522461,1.122338056564331,0.07350250333547592,0.9858254790306091,-0.17219878733158112,-0.23216964304447174,-0.49430081248283386,-1.6189000606536865,0.9858254790306091,-0.14245736598968506,-0.1523558795452118]"
29,QTIP bitshift (gpu),2.0,0.33670528673312417,0.7852208965912897,0.008097990998066962,8.537099347449839e-05,"[0.03958208113908768,-0.3261090815067291,1.1579235792160034,1.3233411312103271,-0.1524205505847931,0.6805754899978638,3.573021173477173,-0.5104315876960754,-0.2753022313117981,-0.44899076223373413,1.3516985177993774,-1.030315637588501,-0.01203708816319704,-0.2103167176246643,-1.0539467334747314,1.3327935934066772,-0.07975493371486664,0.5175209045410156,0.07798260450363159,0.3166566491127014,0.24221870303153992,-0.8554455637931824,-0.12524479627609253,0.049034517258405685]","[-0.07350250333547592,0.13257279992103577,1.7390198707580566,1.0181772708892822,-0.07350250333547592,0.13257279992103577,1.6563239097595215,0.9091304540634155,-0.3134928345680237,-0.7964315414428711,0.6083298325538635,-0.9544740319252014,-0.18214523792266846,-0.2929880917072296,-0.7308942079544067,1.122338056564331,0.07350250333547592,1.0181772708892822,-0.1029927134513855,0.024481236934661865,0.6083298325538635,-0.9391450881958008,-0.14245736598968506,-0.13257279992103577]"
29,Leech Lattice Vector Quantization (gpu),2.0,0.07322539909090552,1.885756055318526,0.0010082939988933504,0.00015115400310605764,"[0.03958208113908768,-0.3261090815067291,1.1579235792160034,1.3233411312103271,-0.1524205505847931,0.6805754899978638,3.573021173477173,-0.5104315876960754,-0.2753022313117981,-0.44899076223373413,1.3516985177993774,-1.030315637588501,-0.01203708816319704,-0.2103167176246643,-1.0539467334747314,1.3327935934066772,-0.07975493371486664,0.5175209045410156,0.07798260450363159,0.3166566491127014,0.24221870303153992,-0.8554455637931824,-0.12524479627609253,0.049034517258405685]","[0.0,-0.7071067690849304,1.4142135381698608,0.7071067690849304,0.0,0.7071067690849304,3.535533905029297,0.0,0.0,-0.7071067690849304,1.4142135381698608,-1.4142135381698608,0.0,0.0,-1.4142135381698608,1.4142135381698608,0.0,0.7071067690849304,0.0,0.0,0.7071067690849304,-0.7071067690849304,0.0,0.0]"
29,Uniform scalar 2-bit (gpu),2.0,0.3427488905026366,0.772388085441124,7.666400051675737e-05,4.406299558468163e-05,"[0.03958208113908768,-0.3261090815067291,1.1579235792160034,1.3233411312103271,-0.1524205505847931,0.6805754899978638,3.573021173477173,-0.5104315876960754,-0.2753022313117981,-0.44899076223373413,1.3516985177993774,-1.030315637588501,-0.01203708816319704,-0.2103167176246643,-1.0539467334747314,1.3327935934066772,-0.07975493371486664,0.5175209045410156,0.07798260450363159,0.3166566491127014,0.24221870303153992,-0.8554455637931824,-0.12524479627609253,0.049034517258405685]","[0.0,0.0,1.0,1.0,0.0,1.0,1.0,-1.0,0.0,0.0,1.0,-1.0,0.0,0.0,-1.0,1.0,0.0,1.0,0.0,0.0,0.0,-1.0,0.0,0.0]"
