run_id,phase,block_id,sample_id,weight_tensor,weight_layer,weight_block_index,weight_flat_start,weight_raw_rms,weight_normalization,method,mse,sqnr_bits,quantize_seconds,dequantize_seconds,original_vector,dequantized_vector,batch_n,dim,seed
seed0_llm_weight_blocks,pilot,0,0,model.layers.16.mlp.down_proj.weight,16,120175,2884200,0.02808881523338305,block_rms,QTIP bitshift (gpu),0.1793196957366556,1.239697053949529,0.007959570997627452,8.701402111910284e-05,"[-1.182076334953308,-0.3194213807582855,-0.8257151246070862,-0.4085116982460022,1.182076334953308,1.8339567184448242,-0.06410156935453415,1.886107087135315,0.12222756445407867,1.6427384614944458,-0.8865572810173035,0.9126324653625488,-1.0343167781829834,-0.5149855017662048,-0.834406852722168,-0.12385726720094681,-0.625805139541626,-0.4237222373485565,-0.8083316087722778,0.07550947368144989,2.0599420070648193,-0.41068461537361145,0.6779555678367615,-0.9213242530822754]","[-1.0018702745437622,-0.3863752782344818,-1.0863057374954224,-0.6930450797080994,1.8356715440750122,1.122338056564331,0.0931539535522461,1.0863057374954224,0.034277018159627914,0.66835618019104,-0.7964315414428711,0.5849315524101257,-0.9858254790306091,-0.3445020616054535,-0.9391450881958008,-0.1523558795452118,-0.19210973381996155,-0.33413028717041016,-0.8944265246391296,0.0931539535522461,1.0863057374954224,0.004895777907222509,0.527773916721344,-1.159889578819275]",1,24,0
seed0_llm_weight_blocks,pilot,0,0,model.layers.16.mlp.down_proj.weight,16,120175,2884200,0.02808881523338305,block_rms,Uniform scalar 2-bit (gpu),0.1809226858508278,1.233277373006178,9.270399459637702e-05,4.718801937997341e-05,"[-1.182076334953308,-0.3194213807582855,-0.8257151246070862,-0.4085116982460022,1.182076334953308,1.8339567184448242,-0.06410156935453415,1.886107087135315,0.12222756445407867,1.6427384614944458,-0.8865572810173035,0.9126324653625488,-1.0343167781829834,-0.5149855017662048,-0.834406852722168,-0.12385726720094681,-0.625805139541626,-0.4237222373485565,-0.8083316087722778,0.07550947368144989,2.0599420070648193,-0.41068461537361145,0.6779555678367615,-0.9213242530822754]","[-1.0,0.0,-1.0,0.0,1.0,1.0,0.0,1.0,0.0,1.0,-1.0,1.0,-1.0,-1.0,-1.0,0.0,-1.0,0.0,-1.0,0.0,1.0,0.0,1.0,-1.0]",1,24,0
seed0_llm_weight_blocks,pilot,0,0,model.layers.16.mlp.down_proj.weight,16,120175,2884200,0.02808881523338305,block_rms,Leech Lattice Vector Quantization (gpu),0.05345069766015489,2.1128236903334674,0.0014337330067064613,0.0005035860231146216,"[-1.182076334953308,-0.3194213807582855,-0.8257151246070862,-0.4085116982460022,1.182076334953308,1.8339567184448242,-0.06410156935453415,1.886107087135315,0.12222756445407867,1.6427384614944458,-0.8865572810173035,0.9126324653625488,-1.0343167781829834,-0.5149855017662048,-0.834406852722168,-0.12385726720094681,-0.625805139541626,-0.4237222373485565,-0.8083316087722778,0.07550947368144989,2.0599420070648193,-0.41068461537361145,0.6779555678367615,-0.9213242530822754]","[-1.0606601238250732,-0.3535533845424652,-0.3535533845424652,-0.3535533845424652,1.0606601238250732,1.7677669525146484,0.3535533845424652,1.7677669525146484,0.3535533845424652,1.7677669525146484,-1.0606601238250732,1.0606601238250732,-1.0606601238250732,-0.3535533845424652,-1.0606601238250732,-0.3535533845424652,-0.3535533845424652,-0.3535533845424652,-1.0606601238250732,-0.3535533845424652,1.7677669525146484,-0.3535533845424652,1.0606601238250732,-1.0606601238250732]",1,24,0
seed0_llm_weight_blocks,pilot,1,1,model.layers.23.mlp.down_proj.weight,23,35335,848040,0.015526411152969419,block_rms,Uniform scalar 2-bit (gpu),0.1049800499518182,1.6259064553334903,0.00016297600814141333,4.510500002652407e-05,"[1.753250002861023,-2.4058048725128174,0.13955241441726685,-0.1159660816192627,-0.8255212903022766,1.5016624927520752,-0.2889324426651001,-0.9709702730178833,-1.2343509197235107,0.8687628507614136,-0.8962802290916443,1.3129719495773315,0.440278023481369,-0.7233138680458069,0.277139276266098,-0.7508312463760376,0.21325966715812683,-1.2815234661102295,0.6446928381919861,-1.2657992839813232,0.5306922793388367,-0.6211065053939819,0.2201390117406845,0.746900200843811]","[1.0,-2.0,0.0,0.0,-1.0,1.0,0.0,-1.0,-1.0,1.0,-1.0,1.0,0.0,-1.0,0.0,-1.0,0.0,-1.0,1.0,-1.0,1.0,-1.0,0.0,1.0]",1,24,0
seed0_llm_weight_blocks,pilot,1,1,model.layers.23.mlp.down_proj.weight,23,35335,848040,0.015526411152969419,block_rms,QTIP bitshift (gpu),0.1699452604302996,1.27842898619504,0.008078163984464481,8.796501788310707e-05,"[1.753250002861023,-2.4058048725128174,0.13955241441726685,-0.1159660816192627,-0.8255212903022766,1.5016624927520752,-0.2889324426651001,-0.9709702730178833,-1.2343509197235107,0.8687628507614136,-0.8962802290916443,1.3129719495773315,0.440278023481369,-0.7233138680458069,0.277139276266098,-0.7508312463760376,0.21325966715812683,-1.2815234661102295,0.6446928381919861,-1.2657992839813232,0.5306922793388367,-0.6211065053939819,0.2201390117406845,0.746900200843811]","[0.32379430532455444,-1.9533236026763916,-0.18214523792266846,-0.2929880917072296,-0.756718099117279,0.8514286875724792,-0.3863752782344818,-1.104142665863037,-0.7830567955970764,0.7181638479232788,-0.7055488228797913,1.5184290409088135,0.66835618019104,-0.7830567955970764,0.6440681219100952,-0.8236187100410461,0.3653585910797119,-1.6563239097595215,0.66835618019104,-0.7964315414428711,0.632066011428833,-0.879913330078125,0.1029927134513855,1.2617708444595337]",1,24,0
seed0_llm_weight_blocks,pilot,1,1,model.layers.23.mlp.down_proj.weight,23,35335,848040,0.015526411152969419,block_rms,Leech Lattice Vector Quantization (gpu),0.047798685168793535,2.1934426305658663,0.001022721000481397,0.000148488994454965,"[1.753250002861023,-2.4058048725128174,0.13955241441726685,-0.1159660816192627,-0.8255212903022766,1.5016624927520752,-0.2889324426651001,-0.9709702730178833,-1.2343509197235107,0.8687628507614136,-0.8962802290916443,1.3129719495773315,0.440278023481369,-0.7233138680458069,0.277139276266098,-0.7508312463760376,0.21325966715812683,-1.2815234661102295,0.6446928381919861,-1.2657992839813232,0.5306922793388367,-0.6211065053939819,0.2201390117406845,0.746900200843811]","[1.4142135381698608,-2.1213202476501465,0.0,0.0,-0.7071067690849304,1.4142135381698608,0.0,-0.7071067690849304,-1.4142135381698608,0.7071067690849304,-0.7071067690849304,1.4142135381698608,0.0,-0.7071067690849304,0.0,-0.7071067690849304,0.0,-1.4142135381698608,0.7071067690849304,-1.4142135381698608,0.7071067690849304,-0.7071067690849304,0.7071067690849304,0.7071067690849304]",1,24,0
seed0_llm_weight_blocks,pilot,2,2,model.layers.7.mlp.down_proj.weight,7,119270,2862480,0.021930865994169102,block_rms,QTIP bitshift (gpu),0.1398577812245242,1.4189837705525241,0.00808253200375475,8.658299339003861e-05,"[1.0408685207366943,-0.6067094802856445,0.03652780503034592,-0.49538663029670715,0.077578105032444,-0.9796409606933594,-0.5343496203422546,0.0681852400302887,-1.9592819213867188,0.0681852400302887,-0.40632835030555725,1.118794560432434,0.6902015805244446,-0.43972522020339966,1.8702236413955688,1.4249323606491089,1.658710241317749,0.542698860168457,-1.536255121231079,-0.3840637803077698,-1.241249680519104,0.8460536003112793,-1.2635141611099243,0.4258098602294922]","[0.9858254790306091,-0.14245736598968506,-0.1523558795452118,-0.2120971381664276,-0.3863752782344818,-1.122338056564331,-0.8374426960945129,0.3032245337963104,-1.9533236026763916,-0.28278225660324097,-0.7055488228797913,1.5184290409088135,0.7181638479232788,-0.6806488037109375,2.8856348991394043,1.9533236026763916,1.2617708444595337,0.3032245337963104,-1.9533236026763916,-0.3134928345680237,-0.7964315414428711,0.632066011428833,-0.8944265246391296,0.07350250333547592]",1,24,0
seed0_llm_weight_blocks,pilot,2,2,model.layers.7.mlp.down_proj.weight,7,119270,2862480,0.021930865994169102,block_rms,Leech Lattice Vector Quantization (gpu),0.060582243518759606,2.02248057646611,0.001643026014789939,0.00014774699229747057,"[1.0408685207366943,-0.6067094802856445,0.03652780503034592,-0.49538663029670715,0.077578105032444,-0.9796409606933594,-0.5343496203422546,0.0681852400302887,-1.9592819213867188,0.0681852400302887,-0.40632835030555725,1.118794560432434,0.6902015805244446,-0.43972522020339966,1.8702236413955688,1.4249323606491089,1.658710241317749,0.542698860168457,-1.536255121231079,-0.3840637803077698,-1.241249680519104,0.8460536003112793,-1.2635141611099243,0.4258098602294922]","[0.7071067690849304,-0.7071067690849304,0.0,-0.7071067690849304,0.0,-0.7071067690849304,-0.7071067690849304,0.0,-1.4142135381698608,0.0,0.0,0.7071067690849304,0.7071067690849304,-0.7071067690849304,2.1213202476501465,1.4142135381698608,1.4142135381698608,0.7071067690849304,-1.4142135381698608,0.0,-1.4142135381698608,0.7071067690849304,-1.4142135381698608,0.7071067690849304]",1,24,0
seed0_llm_weight_blocks,pilot,2,2,model.layers.7.mlp.down_proj.weight,7,119270,2862480,0.021930865994169102,block_rms,Uniform scalar 2-bit (gpu),0.14091486573469883,1.4135521239770779,7.825702778063715e-05,4.4513988541439176e-05,"[1.0408685207366943,-0.6067094802856445,0.03652780503034592,-0.49538663029670715,0.077578105032444,-0.9796409606933594,-0.5343496203422546,0.0681852400302887,-1.9592819213867188,0.0681852400302887,-0.40632835030555725,1.118794560432434,0.6902015805244446,-0.43972522020339966,1.8702236413955688,1.4249323606491089,1.658710241317749,0.542698860168457,-1.536255121231079,-0.3840637803077698,-1.241249680519104,0.8460536003112793,-1.2635141611099243,0.4258098602294922]","[1.0,-1.0,0.0,0.0,0.0,-1.0,-1.0,0.0,-2.0,0.0,0.0,1.0,1.0,0.0,1.0,1.0,1.0,1.0,-2.0,0.0,-1.0,1.0,-1.0,0.0]",1,24,0
seed0_llm_weight_blocks,pilot,3,3,model.layers.20.mlp.down_proj.weight,20,50179,1204296,0.02348667610326045,block_rms,Uniform scalar 2-bit (gpu),0.2585095118445468,0.9758553970550619,7.469000411219895e-05,4.3751992052420974e-05,"[0.6860605478286743,-0.4521762728691101,0.14292927086353302,0.49895310401916504,0.5639209747314453,-0.6496785283088684,0.6158952713012695,-0.8471807837486267,0.2598714232444763,-0.8991550803184509,1.5384387969970703,-2.3492376804351807,0.43398526310920715,-0.13253441452980042,0.3664186894893646,-0.2572726905345917,0.0698404461145401,0.6756656765937805,1.7463358640670776,2.7650318145751953,0.48855826258659363,0.34822770953178406,0.16371898353099823,0.7120476961135864]","[1.0,0.0,0.0,0.0,1.0,-1.0,1.0,-1.0,0.0,-1.0,1.0,-2.0,0.0,0.0,0.0,0.0,0.0,1.0,1.0,1.0,0.0,0.0,0.0,1.0]",1,24,0
seed0_llm_weight_blocks,pilot,3,3,model.layers.20.mlp.down_proj.weight,20,50179,1204296,0.02348667610326045,block_rms,QTIP bitshift (gpu),0.23306139903408737,1.0506090413476221,0.008104623993858695,8.691300172358751e-05,"[0.6860605478286743,-0.4521762728691101,0.14292927086353302,0.49895310401916504,0.5639209747314453,-0.6496785283088684,0.6158952713012695,-0.8471807837486267,0.2598714232444763,-0.8991550803184509,1.5384387969970703,-2.3492376804351807,0.43398526310920715,-0.13253441452980042,0.3664186894893646,-0.2572726905345917,0.0698404461145401,0.6756656765937805,1.7463358640670776,2.7650318145751953,0.48855826258659363,0.34822770953178406,0.16371898353099823,0.7120476961135864]","[0.9858254790306091,-0.13257279992103577,-0.1029927134513855,0.034277018159627914,0.66835618019104,-0.7830567955970764,0.66835618019104,-0.7830567955970764,0.6440681219100952,-0.8374426960945129,0.32379430532455444,-1.8912291526794434,-0.14245736598968506,-0.14245736598968506,-0.14245736598968506,-0.13257279992103577,-0.07350250333547592,0.1523558795452118,2.335232973098755,1.7390198707580566,0.9858254790306091,-0.13257279992103577,-0.0931539535522461,0.07350250333547592]",1,24,0
seed0_llm_weight_blocks,pilot,3,3,model.layers.20.mlp.down_proj.weight,20,50179,1204296,0.02348667610326045,block_rms,Leech Lattice Vector Quantization (gpu),0.06216126189119548,2.003920231622959,0.0013706049940083176,0.00014768799883313477,"[0.6860605478286743,-0.4521762728691101,0.14292927086353302,0.49895310401916504,0.5639209747314453,-0.6496785283088684,0.6158952713012695,-0.8471807837486267,0.2598714232444763,-0.8991550803184509,1.5384387969970703,-2.3492376804351807,0.43398526310920715,-0.13253441452980042,0.3664186894893646,-0.2572726905345917,0.0698404461145401,0.6756656765937805,1.7463358640670776,2.7650318145751953,0.48855826258659363,0.34822770953178406,0.16371898353099823,0.7120476961135864]","[0.7071067690849304,-0.7071067690849304,0.0,0.7071067690849304,0.7071067690849304,-0.7071067690849304,0.0,-0.7071067690849304,0.0,-0.7071067690849304,1.4142135381698608,-2.8284270763397217,0.7071067690849304,0.0,0.7071067690849304,0.0,0.0,0.7071067690849304,1.4142135381698608,2.8284270763397217,0.7071067690849304,0.0,0.0,0.7071067690849304]",1,24,0
seed0_llm_weight_blocks,pilot,4,4,model.layers.25.mlp.down_proj.weight,25,45077,1081848,0.03975009951389344,block_rms,Uniform scalar 2-bit (gpu),0.16595192930937494,1.2955813657260522,7.757599814794958e-05,4.635698860511184e-05,"[0.6019049286842346,-0.6264724731445312,0.29020416736602783,-0.4606415331363678,0.007197523955255747,-0.40843549370765686,2.075957775115967,1.768863558769226,-0.025143351405858994,0.8045872449874878,0.17888246476650238,0.5742664337158203,0.4698543846607208,0.8721479773521423,1.4986205101013184,-1.019553303718567,1.21609365940094,0.14356660842895508,-2.5673089027404785,0.7278136610984802,-0.16199228167533875,0.525131344795227,-0.1251409500837326,1.0625464916229248]","[1.0,-1.0,0.0,0.0,0.0,0.0,1.0,1.0,0.0,1.0,0.0,1.0,0.0,1.0,1.0,-1.0,1.0,0.0,-2.0,1.0,0.0,1.0,0.0,1.0]",1,24,0
seed0_llm_weight_blocks,pilot,4,4,model.layers.25.mlp.down_proj.weight,25,45077,1081848,0.03975009951389344,block_rms,Leech Lattice Vector Quantization (gpu),0.06628975309698942,1.9575351744014367,0.0017748039972502738,0.00016986901755444705,"[0.6019049286842346,-0.6264724731445312,0.29020416736602783,-0.4606415331363678,0.007197523955255747,-0.40843549370765686,2.075957775115967,1.768863558769226,-0.025143351405858994,0.8045872449874878,0.17888246476650238,0.5742664337158203,0.4698543846607208,0.8721479773521423,1.4986205101013184,-1.019553303718567,1.21609365940094,0.14356660842895508,-2.5673089027404785,0.7278136610984802,-0.16199228167533875,0.525131344795227,-0.1251409500837326,1.0625464916229248]","[1.0606601238250732,-0.3535533845424652,0.3535533845424652,-0.3535533845424652,0.3535533845424652,-0.3535533845424652,1.7677669525146484,1.7677669525146484,-0.3535533845424652,0.3535533845424652,-0.3535533845424652,0.3535533845424652,0.3535533845424652,1.0606601238250732,1.7677669525146484,-1.0606601238250732,1.0606601238250732,0.3535533845424652,-2.4748737812042236,1.0606601238250732,-0.3535533845424652,0.3535533845424652,-0.3535533845424652,1.0606601238250732]",1,24,0
seed0_llm_weight_blocks,pilot,4,4,model.layers.25.mlp.down_proj.weight,25,45077,1081848,0.03975009951389344,block_rms,QTIP bitshift (gpu),0.18027282952201387,1.235873080610609,0.008825007011182606,8.796498877927661e-05,"[0.6019049286842346,-0.6264724731445312,0.29020416736602783,-0.4606415331363678,0.007197523955255747,-0.40843549370765686,2.075957775115967,1.768863558769226,-0.025143351405858994,0.8045872449874878,0.17888246476650238,0.5742664337158203,0.4698543846607208,0.8721479773521423,1.4986205101013184,-1.019553303718567,1.21609365940094,0.14356660842895508,-2.5673089027404785,0.7278136610984802,-0.16199228167533875,0.525131344795227,-0.1251409500837326,1.0625464916229248]","[0.6083298325538635,-0.9391450881958008,-0.1523558795452118,-0.18214523792266846,-0.28278225660324097,-0.6930450797080994,1.8356715440750122,1.122338056564331,0.0931539535522461,1.122338056564331,0.0931539535522461,1.159889578819275,0.12270114570856094,1.5184290409088135,0.7181638479232788,-0.7181638479232788,1.3064303398132324,0.3863752782344818,-1.6189000606536865,0.9858254790306091,-0.13257279992103577,-0.07350250333547592,0.12270114570856094,1.4591230154037476]",1,24,0
seed0_llm_weight_blocks,pilot,5,5,model.layers.0.mlp.down_proj.weight,0,96952,2326848,0.026548198011204855,block_rms,Uniform scalar 2-bit (gpu),0.19728799916733888,1.1708124774387767,7.782600005157292e-05,4.435400478541851e-05,"[0.11840014904737473,-0.7770728468894958,-0.026869935914874077,-1.2046928405761719,0.9931818246841431,-0.7448863983154297,-0.46900254487991333,-1.0069760084152222,-1.3610270023345947,-0.8184553980827332,0.616140604019165,2.7036616802215576,0.4460121989250183,1.1771043539047241,-0.41152673959732056,-1.5357533693313599,-1.4345959424972534,0.08966224640607834,-0.1758759468793869,0.6253367066383362,-0.27703335881233215,0.8138573169708252,0.9701915383338928,0.8138573169708252]","[0.0,-1.0,0.0,-1.0,1.0,-1.0,0.0,-1.0,-1.0,-1.0,1.0,1.0,0.0,1.0,0.0,-2.0,-1.0,0.0,0.0,1.0,0.0,1.0,1.0,1.0]",1,24,0
seed0_llm_weight_blocks,pilot,5,5,model.layers.0.mlp.down_proj.weight,0,96952,2326848,0.026548198011204855,block_rms,Leech Lattice Vector Quantization (gpu),0.06904778853005579,1.9281305211796413,0.0011674620036501437,0.0001519049983471632,"[0.11840014904737473,-0.7770728468894958,-0.026869935914874077,-1.2046928405761719,0.9931818246841431,-0.7448863983154297,-0.46900254487991333,-1.0069760084152222,-1.3610270023345947,-0.8184553980827332,0.616140604019165,2.7036616802215576,0.4460121989250183,1.1771043539047241,-0.41152673959732056,-1.5357533693313599,-1.4345959424972534,0.08966224640607834,-0.1758759468793869,0.6253367066383362,-0.27703335881233215,0.8138573169708252,0.9701915383338928,0.8138573169708252]","[0.3535533845424652,-1.0606601238250732,0.3535533845424652,-1.0606601238250732,1.0606601238250732,-1.0606601238250732,-0.3535533845424652,-1.0606601238250732,-1.0606601238250732,-0.3535533845424652,0.3535533845424652,2.4748737812042236,0.3535533845424652,1.0606601238250732,-0.3535533845424652,-1.7677669525146484,-1.0606601238250732,-0.3535533845424652,-0.3535533845424652,0.3535533845424652,-0.3535533845424652,0.3535533845424652,1.0606601238250732,1.0606601238250732]",1,24,0
seed0_llm_weight_blocks,pilot,5,5,model.layers.0.mlp.down_proj.weight,0,96952,2326848,0.026548198011204855,block_rms,QTIP bitshift (gpu),0.1762718207702606,1.252063147725667,0.008102430001599714,9.476800914853811e-05,"[0.11840014904737473,-0.7770728468894958,-0.026869935914874077,-1.2046928405761719,0.9931818246841431,-0.7448863983154297,-0.46900254487991333,-1.0069760084152222,-1.3610270023345947,-0.8184553980827332,0.616140604019165,2.7036616802215576,0.4460121989250183,1.1771043539047241,-0.41152673959732056,-1.5357533693313599,-1.4345959424972534,0.08966224640607834,-0.1758759468793869,0.6253367066383362,-0.27703335881233215,0.8138573169708252,0.9701915383338928,0.8138573169708252]","[-0.35491102933883667,-0.9858254790306091,-0.3134928345680237,-0.7964315414428711,0.5849315524101257,-1.0018702745437622,-0.40756407380104065,-1.1991522312164307,-1.1409127712249756,-0.879913330078125,0.1523558795452118,2.335232973098755,1.6563239097595215,0.8236187100410461,-0.45050859451293945,-1.3787599802017212,-1.8912291526794434,-0.1029927134513855,0.034277018159627914,0.6930450797080994,-0.7308942079544067,1.122338056564331,0.06368788331747055,0.879913330078125]",1,24,0
seed0_llm_weight_blocks,pilot,6,6,model.layers.24.mlp.down_proj.weight,24,4804,115296,0.018746762793169808,block_rms,Uniform scalar 2-bit (gpu),0.0868837920240438,1.7623845013452664,7.902897777967155e-05,4.476399044506252e-05,"[0.1570909172296524,0.7651060223579407,-0.3776693642139435,0.20674142241477966,1.5497466325759888,-1.074404239654541,-2.3311314582824707,0.29139143228530884,0.5079001784324646,0.032761190086603165,-0.8204541206359863,1.1199849843978882,-0.7423156499862671,-0.49162131547927856,0.07203391939401627,0.8237099051475525,0.01058125402778387,-1.3478889465332031,-1.3544005155563354,0.7911521792411804,-0.6837117671966553,-2.357177734375,0.31906548142433167,0.2523221969604492]","[0.0,1.0,0.0,0.0,1.0,-1.0,-2.0,0.0,1.0,0.0,-1.0,1.0,-1.0,0.0,0.0,1.0,0.0,-1.0,-1.0,1.0,-1.0,-2.0,0.0,0.0]",1,24,0
seed0_llm_weight_blocks,pilot,6,6,model.layers.24.mlp.down_proj.weight,24,4804,115296,0.018746762793169808,block_rms,Leech Lattice Vector Quantization (gpu),0.07639822295861777,1.8551584960521474,0.001310141000431031,0.00015418900875374675,"[0.1570909172296524,0.7651060223579407,-0.3776693642139435,0.20674142241477966,1.5497466325759888,-1.074404239654541,-2.3311314582824707,0.29139143228530884,0.5079001784324646,0.032761190086603165,-0.8204541206359863,1.1199849843978882,-0.7423156499862671,-0.49162131547927856,0.07203391939401627,0.8237099051475525,0.01058125402778387,-1.3478889465332031,-1.3544005155563354,0.7911521792411804,-0.6837117671966553,-2.357177734375,0.31906548142433167,0.2523221969604492]","[0.0,0.7071067690849304,-0.7071067690849304,0.0,1.4142135381698608,-1.4142135381698608,-2.1213202476501465,0.0,0.7071067690849304,0.7071067690849304,-0.7071067690849304,0.7071067690849304,-0.7071067690849304,0.0,0.0,0.7071067690849304,0.0,-1.4142135381698608,-1.4142135381698608,0.7071067690849304,-0.7071067690849304,-2.8284270763397217,0.7071067690849304,0.0]",1,24,0
seed0_llm_weight_blocks,pilot,6,6,model.layers.24.mlp.down_proj.weight,24,4804,115296,0.018746762793169808,block_rms,QTIP bitshift (gpu),0.11975080025753815,1.5309463406749964,0.008055821002926677,9.297500946559012e-05,"[0.1570909172296524,0.7651060223579407,-0.3776693642139435,0.20674142241477966,1.5497466325759888,-1.074404239654541,-2.3311314582824707,0.29139143228530884,0.5079001784324646,0.032761190086603165,-0.8204541206359863,1.1199849843978882,-0.7423156499862671,-0.49162131547927856,0.07203391939401627,0.8237099051475525,0.01058125402778387,-1.3478889465332031,-1.3544005155563354,0.7911521792411804,-0.6837117671966553,-2.357177734375,0.31906548142433167,0.2523221969604492]","[0.07350250333547592,1.0181772708892822,-0.0931539535522461,0.044076092541217804,0.7830567955970764,-0.527773916721344,-1.8356715440750122,0.06368788331747055,0.9091304540634155,-0.2929880917072296,-0.756718099117279,0.879913330078125,-0.33413028717041016,-0.8944265246391296,0.06368788331747055,0.8236187100410461,-0.4396974444389343,-1.3064303398132324,-1.6563239097595215,0.7830567955970764,-0.5504201054573059,-1.8912291526794434,-0.13257279992103577,-0.0931539535522461]",1,24,0
seed0_llm_weight_blocks,pilot,7,7,model.layers.14.mlp.down_proj.weight,14,55614,1334736,0.03175607604239058,block_rms,Uniform scalar 2-bit (gpu),0.15213119643960663,1.3583059744684913,7.689499761909246e-05,4.439399344846606e-05,"[-0.3536478579044342,0.1129174530506134,1.3223354816436768,-0.18643392622470856,0.941779613494873,-2.137263059616089,-0.12589095532894135,-1.4607194662094116,-0.06871147453784943,0.8879636526107788,-0.14607194066047668,1.5529754161834717,1.1301355361938477,-0.35941386222839355,0.1239689514040947,-0.29983189702033997,0.6880757212638855,0.4555138349533081,-0.8648996353149414,0.369023859500885,-0.6842317581176758,0.6688557267189026,2.30639910697937,-1.3915274143218994]","[0.0,0.0,1.0,0.0,1.0,-2.0,0.0,-1.0,0.0,1.0,0.0,1.0,1.0,0.0,0.0,0.0,1.0,0.0,-1.0,0.0,-1.0,1.0,1.0,-1.0]",1,24,0
seed0_llm_weight_blocks,pilot,7,7,model.layers.14.mlp.down_proj.weight,14,55614,1334736,0.03175607604239058,block_rms,QTIP bitshift (gpu),0.22449700815390125,1.077615878434729,0.00835412199376151,8.823501411825418e-05,"[-0.3536478579044342,0.1129174530506134,1.3223354816436768,-0.18643392622470856,0.941779613494873,-2.137263059616089,-0.12589095532894135,-1.4607194662094116,-0.06871147453784943,0.8879636526107788,-0.14607194066047668,1.5529754161834717,1.1301355361938477,-0.35941386222839355,0.1239689514040947,-0.29983189702033997,0.6880757212638855,0.4555138349533081,-0.8648996353149414,0.369023859500885,-0.6842317581176758,0.6688557267189026,2.30639910697937,-1.3915274143218994]","[-0.0931539535522461,0.0931539535522461,1.0516313314437866,-0.034277018159627914,0.2929880917072296,-2.1065540313720703,-0.527773916721344,-1.8356715440750122,0.0931539535522461,1.159889578819275,0.13257279992103577,1.7390198707580566,0.9858254790306091,-0.14245736598968506,-0.13257279992103577,-0.1029927134513855,0.034277018159627914,0.66835618019104,-0.7964315414428711,0.632066011428833,-0.9091304540634155,0.024481236934661865,0.6083298325538635,-0.9240337014198303]",1,24,0
seed0_llm_weight_blocks,pilot,7,7,model.layers.14.mlp.down_proj.weight,14,55614,1334736,0.03175607604239058,block_rms,Leech Lattice Vector Quantization (gpu),0.06826787064324004,1.9363246585136271,0.0017061039980035275,0.00015330800670199096,"[-0.3536478579044342,0.1129174530506134,1.3223354816436768,-0.18643392622470856,0.941779613494873,-2.137263059616089,-0.12589095532894135,-1.4607194662094116,-0.06871147453784943,0.8879636526107788,-0.14607194066047668,1.5529754161834717,1.1301355361938477,-0.35941386222839355,0.1239689514040947,-0.29983189702033997,0.6880757212638855,0.4555138349533081,-0.8648996353149414,0.369023859500885,-0.6842317581176758,0.6688557267189026,2.30639910697937,-1.3915274143218994]","[-0.3535533845424652,0.3535533845424652,1.0606601238250732,-0.3535533845424652,1.0606601238250732,-1.7677669525146484,-0.3535533845424652,-1.0606601238250732,0.3535533845424652,1.0606601238250732,-0.3535533845424652,1.7677669525146484,1.0606601238250732,-0.3535533845424652,-0.3535533845424652,-0.3535533845424652,1.0606601238250732,0.3535533845424652,-1.0606601238250732,0.3535533845424652,-0.3535533845424652,1.0606601238250732,2.4748737812042236,-1.0606601238250732]",1,24,0
seed0_llm_weight_blocks,pilot,8,8,model.layers.27.mlp.down_proj.weight,27,9815,235560,0.037342566796272195,block_rms,QTIP bitshift (gpu),0.06164277151377471,2.0099622146419436,0.008114752010442317,9.056000271812081e-05,"[0.3268932104110718,-0.2320941686630249,-0.9479902982711792,-0.415154367685318,-0.5524495244026184,0.9022252559661865,-1.0656718015670776,-0.03984010964632034,-0.26478350162506104,-0.5001465678215027,-0.6374417543411255,0.7322407960891724,-0.709358274936676,1.418716549873352,1.0852854251861572,-0.5066844820976257,-1.6213902235031128,-1.4317922592163086,-0.967603862285614,-2.7459027767181396,-1.2160427570343018,0.32852765917778015,0.6897446513175964,-0.28439709544181824]","[-0.19210973381996155,-0.35491102933883667,-0.9858254790306091,-0.3134928345680237,-0.7964315414428711,0.6083298325538635,-0.9391450881958008,-0.1523558795452118,-0.18214523792266846,-0.3134928345680237,-0.7830567955970764,0.7181638479232788,-0.6930450797080994,1.6563239097595215,0.8514286875724792,-0.40756407380104065,-1.2403559684753418,-1.2837804555892944,-1.4313017129898071,-2.335232973098755,-0.8944265246391296,0.07350250333547592,0.9858254790306091,-0.1523558795452118]",1,24,0
seed0_llm_weight_blocks,pilot,8,8,model.layers.27.mlp.down_proj.weight,27,9815,235560,0.037342566796272195,block_rms,Leech Lattice Vector Quantization (gpu),0.07022338792775062,1.9159522783587295,0.0012259020004421473,0.00015017300029285252,"[0.3268932104110718,-0.2320941686630249,-0.9479902982711792,-0.415154367685318,-0.5524495244026184,0.9022252559661865,-1.0656718015670776,-0.03984010964632034,-0.26478350162506104,-0.5001465678215027,-0.6374417543411255,0.7322407960891724,-0.709358274936676,1.418716549873352,1.0852854251861572,-0.5066844820976257,-1.6213902235031128,-1.4317922592163086,-0.967603862285614,-2.7459027767181396,-1.2160427570343018,0.32852765917778015,0.6897446513175964,-0.28439709544181824]","[0.0,0.0,-1.4142135381698608,-0.7071067690849304,-0.7071067690849304,0.7071067690849304,-1.4142135381698608,0.0,0.0,0.0,-0.7071067690849304,0.7071067690849304,-0.7071067690849304,1.4142135381698608,1.4142135381698608,0.0,-1.4142135381698608,-1.4142135381698608,-0.7071067690849304,-2.8284270763397217,-1.4142135381698608,0.0,0.7071067690849304,0.0]",1,24,0
seed0_llm_weight_blocks,pilot,8,8,model.layers.27.mlp.down_proj.weight,27,9815,235560,0.037342566796272195,block_rms,Uniform scalar 2-bit (gpu),0.11683495585377117,1.548728041892943,8.689402602612972e-05,5.2688003052026033e-05,"[0.3268932104110718,-0.2320941686630249,-0.9479902982711792,-0.415154367685318,-0.5524495244026184,0.9022252559661865,-1.0656718015670776,-0.03984010964632034,-0.26478350162506104,-0.5001465678215027,-0.6374417543411255,0.7322407960891724,-0.709358274936676,1.418716549873352,1.0852854251861572,-0.5066844820976257,-1.6213902235031128,-1.4317922592163086,-0.967603862285614,-2.7459027767181396,-1.2160427570343018,0.32852765917778015,0.6897446513175964,-0.28439709544181824]","[0.0,0.0,-1.0,0.0,-1.0,1.0,-1.0,0.0,0.0,-1.0,-1.0,1.0,-1.0,1.0,1.0,-1.0,-2.0,-1.0,-1.0,-2.0,-1.0,0.0,1.0,0.0]",1,24,0
seed0_llm_weight_blocks,pilot,9,9,model.layers.20.mlp.down_proj.weight,20,25396,609504,0.015234048336298708,block_rms,QTIP bitshift (gpu),0.12236365940090844,1.515376431282755,0.008229767990997061,8.973799413070083e-05,"[1.2981047630310059,-1.2259877920150757,-0.28245797753334045,0.35858139395713806,-0.8093122243881226,-1.6747153997421265,0.12269894033670425,-0.7532212734222412,1.4824035167694092,0.08914453536272049,1.2179747819900513,-0.6290199160575867,-0.6610718369483948,-0.4106658399105072,-0.048578765243291855,-0.4487275779247284,-0.6129938960075378,1.4904165267944336,-0.7412017583847046,0.7051433324813843,-0.7412017583847046,-2.0994038581848145,0.9695720672607422,-1.4583646059036255]","[0.632066011428833,-0.8944265246391296,0.044076092541217804,0.7830567955970764,-0.5618492364883423,-1.9533236026763916,-0.2929880917072296,-0.7308942079544067,1.122338056564331,0.06368788331747055,0.879913330078125,-0.3445020616054535,-0.9391450881958008,-0.1523558795452118,-0.18214523792266846,-0.3134928345680237,-0.7830567955970764,0.6930450797080994,-0.7698206901550293,0.8099502921104431,-0.516552209854126,-1.7390198707580566,0.3653585910797119,-1.6962224245071411]",1,24,0
seed0_llm_weight_blocks,pilot,9,9,model.layers.20.mlp.down_proj.weight,20,25396,609504,0.015234048336298708,block_rms,Leech Lattice Vector Quantization (gpu),0.06811133789247438,1.93798057217239,0.0010206769802607596,0.00015185499796643853,"[1.2981047630310059,-1.2259877920150757,-0.28245797753334045,0.35858139395713806,-0.8093122243881226,-1.6747153997421265,0.12269894033670425,-0.7532212734222412,1.4824035167694092,0.08914453536272049,1.2179747819900513,-0.6290199160575867,-0.6610718369483948,-0.4106658399105072,-0.048578765243291855,-0.4487275779247284,-0.6129938960075378,1.4904165267944336,-0.7412017583847046,0.7051433324813843,-0.7412017583847046,-2.0994038581848145,0.9695720672607422,-1.4583646059036255]","[1.4142135381698608,-1.4142135381698608,-0.7071067690849304,0.7071067690849304,-0.7071067690849304,-1.4142135381698608,0.0,-0.7071067690849304,1.4142135381698608,0.0,0.7071067690849304,-0.7071067690849304,-0.7071067690849304,0.0,0.0,-0.7071067690849304,-0.7071067690849304,1.4142135381698608,-0.7071067690849304,0.7071067690849304,-1.4142135381698608,-2.1213202476501465,1.4142135381698608,-1.4142135381698608]",1,24,0
seed0_llm_weight_blocks,pilot,9,9,model.layers.20.mlp.down_proj.weight,20,25396,609504,0.015234048336298708,block_rms,Uniform scalar 2-bit (gpu),0.09631423454661343,1.6880535407782375,8.100198465399444e-05,4.560599336400628e-05,"[1.2981047630310059,-1.2259877920150757,-0.28245797753334045,0.35858139395713806,-0.8093122243881226,-1.6747153997421265,0.12269894033670425,-0.7532212734222412,1.4824035167694092,0.08914453536272049,1.2179747819900513,-0.6290199160575867,-0.6610718369483948,-0.4106658399105072,-0.048578765243291855,-0.4487275779247284,-0.6129938960075378,1.4904165267944336,-0.7412017583847046,0.7051433324813843,-0.7412017583847046,-2.0994038581848145,0.9695720672607422,-1.4583646059036255]","[1.0,-1.0,0.0,0.0,-1.0,-2.0,0.0,-1.0,1.0,0.0,1.0,-1.0,-1.0,0.0,0.0,0.0,-1.0,1.0,-1.0,1.0,-1.0,-2.0,1.0,-1.0]",1,24,0
seed0_llm_weight_blocks,pilot,10,10,model.layers.4.mlp.down_proj.weight,4,126598,3038352,0.02991098993328854,block_rms,Uniform scalar 2-bit (gpu),0.15889990325894277,1.3269049636543264,7.691400242038071e-05,4.453398287296295e-05,"[-0.8039804697036743,-0.41831472516059875,-1.0447665452957153,0.46728813648223877,1.008036494255066,0.33465176820755005,-3.1342995166778564,0.7101147174835205,-0.47749096155166626,-0.48769375681877136,-0.5591133236885071,-1.5834742784500122,-0.5305454730987549,0.18263009190559387,-0.40607136487960815,-0.08213252574205399,-0.9917119741439819,0.7917371392250061,0.9386574029922485,-0.26119163632392883,0.5264644026756287,-1.0855777263641357,-1.5834742784500122,0.34281402826309204]","[-1.0,0.0,-1.0,0.0,1.0,0.0,-2.0,1.0,0.0,0.0,-1.0,-2.0,-1.0,0.0,0.0,0.0,-1.0,1.0,1.0,0.0,1.0,-1.0,-2.0,0.0]",1,24,0
seed0_llm_weight_blocks,pilot,10,10,model.layers.4.mlp.down_proj.weight,4,126598,3038352,0.02991098993328854,block_rms,Leech Lattice Vector Quantization (gpu),0.06988066652346504,1.9194814498822799,0.0011442300165072083,0.00015086302300915122,"[-0.8039804697036743,-0.41831472516059875,-1.0447665452957153,0.46728813648223877,1.008036494255066,0.33465176820755005,-3.1342995166778564,0.7101147174835205,-0.47749096155166626,-0.48769375681877136,-0.5591133236885071,-1.5834742784500122,-0.5305454730987549,0.18263009190559387,-0.40607136487960815,-0.08213252574205399,-0.9917119741439819,0.7917371392250061,0.9386574029922485,-0.26119163632392883,0.5264644026756287,-1.0855777263641357,-1.5834742784500122,0.34281402826309204]","[-1.0606601238250732,-0.3535533845424652,-1.0606601238250732,0.3535533845424652,0.3535533845424652,0.3535533845424652,-3.1819803714752197,0.3535533845424652,-0.3535533845424652,-0.3535533845424652,-0.3535533845424652,-1.7677669525146484,-1.0606601238250732,-0.3535533845424652,-0.3535533845424652,0.3535533845424652,-1.0606601238250732,1.0606601238250732,1.0606601238250732,-0.3535533845424652,0.3535533845424652,-1.0606601238250732,-1.7677669525146484,0.3535533845424652]",1,24,0
seed0_llm_weight_blocks,pilot,10,10,model.layers.4.mlp.down_proj.weight,4,126598,3038352,0.02991098993328854,block_rms,QTIP bitshift (gpu),0.16071084159235816,1.318730458401941,0.008352848992217332,8.996899123303592e-05,"[-0.8039804697036743,-0.41831472516059875,-1.0447665452957153,0.46728813648223877,1.008036494255066,0.33465176820755005,-3.1342995166778564,0.7101147174835205,-0.47749096155166626,-0.48769375681877136,-0.5591133236885071,-1.5834742784500122,-0.5305454730987549,0.18263009190559387,-0.40607136487960815,-0.08213252574205399,-0.9917119741439819,0.7917371392250061,0.9386574029922485,-0.26119163632392883,0.5264644026756287,-1.0855777263641357,-1.5834742784500122,0.34281402826309204]","[-0.9858254790306091,-0.33413028717041016,-0.879913330078125,0.1029927134513855,1.3064303398132324,0.3653585910797119,-1.6962224245071411,0.6083298325538635,-0.9700305461883545,-0.24224059283733368,-0.5504201054573059,-1.8912291526794434,-0.14245736598968506,-0.1523558795452118,-0.19210973381996155,-0.33413028717041016,-0.8944265246391296,0.0931539535522461,1.0863057374954224,-0.004895777907222509,0.4722914695739746,-1.3297709226608276,-1.6962224245071411,0.5849315524101257]",1,24,0
seed0_llm_weight_blocks,pilot,11,11,model.layers.13.mlp.down_proj.weight,13,10935,262440,0.019249941327043274,block_rms,Uniform scalar 2-bit (gpu),0.19196176352024893,1.1905544992455923,7.93189974501729e-05,4.590599564835429e-05,"[-0.9004694223403931,0.6594987511634827,-0.0026257087010890245,-0.6246213912963867,2.0799574851989746,0.009710167534649372,0.8021787405014038,0.6277920603752136,0.7070587277412415,0.1010650098323822,1.4585068225860596,-1.2365601062774658,0.016745084896683693,0.07728500664234161,0.1450580209493637,-1.4521654844284058,-1.0336374044418335,-0.7926667332649231,1.2429014444351196,-0.7355947494506836,-0.9892480969429016,-0.46925872564315796,-0.5199893712997437,2.333611011505127]","[-1.0,1.0,0.0,-1.0,1.0,0.0,1.0,1.0,1.0,0.0,1.0,-1.0,0.0,0.0,0.0,-1.0,-1.0,-1.0,1.0,-1.0,-1.0,0.0,-1.0,1.0]",1,24,0
seed0_llm_weight_blocks,pilot,11,11,model.layers.13.mlp.down_proj.weight,13,10935,262440,0.019249941327043274,block_rms,QTIP bitshift (gpu),0.22572146255008704,1.0736921839619618,0.008093333017313853,8.76649864949286e-05,"[-0.9004694223403931,0.6594987511634827,-0.0026257087010890245,-0.6246213912963867,2.0799574851989746,0.009710167534649372,0.8021787405014038,0.6277920603752136,0.7070587277412415,0.1010650098323822,1.4585068225860596,-1.2365601062774658,0.016745084896683693,0.07728500664234161,0.1450580209493637,-1.4521654844284058,-1.0336374044418335,-0.7926667332649231,1.2429014444351196,-0.7355947494506836,-0.9892480969429016,-0.46925872564315796,-0.5199893712997437,2.333611011505127]","[0.06368788331747055,0.9091304540634155,-0.2929880917072296,-0.7308942079544067,1.122338056564331,0.0931539535522461,1.122338056564331,0.0931539535522461,1.0863057374954224,0.024481236934661865,0.6083298325538635,-0.9240337014198303,-0.1029927134513855,0.004895777907222509,0.516552209854126,-1.1991522312164307,-1.104142665863037,-0.756718099117279,0.879913330078125,-0.35491102933883667,-0.9858254790306091,-0.2929880917072296,-0.7308942079544067,1.122338056564331]",1,24,0
seed0_llm_weight_blocks,pilot,11,11,model.layers.13.mlp.down_proj.weight,13,10935,262440,0.019249941327043274,block_rms,Leech Lattice Vector Quantization (gpu),0.06086229407993904,2.0191536755397155,0.001189754984807223,0.00015140400500968099,"[-0.9004694223403931,0.6594987511634827,-0.0026257087010890245,-0.6246213912963867,2.0799574851989746,0.009710167534649372,0.8021787405014038,0.6277920603752136,0.7070587277412415,0.1010650098323822,1.4585068225860596,-1.2365601062774658,0.016745084896683693,0.07728500664234161,0.1450580209493637,-1.4521654844284058,-1.0336374044418335,-0.7926667332649231,1.2429014444351196,-0.7355947494506836,-0.9892480969429016,-0.46925872564315796,-0.5199893712997437,2.333611011505127]","[-0.7071067690849304,1.4142135381698608,0.0,-0.7071067690849304,2.1213202476501465,0.0,0.7071067690849304,0.7071067690849304,0.7071067690849304,0.0,1.4142135381698608,-1.4142135381698608,0.0,0.0,0.0,-1.4142135381698608,-1.4142135381698608,-0.7071067690849304,0.7071067690849304,-0.7071067690849304,-1.4142135381698608,-0.7071067690849304,-0.7071067690849304,2.1213202476501465]",1,24,0
seed0_llm_weight_blocks,pilot,12,12,model.layers.23.mlp.down_proj.weight,23,111629,2679096,0.026362722660497624,block_rms,Leech Lattice Vector Quantization (gpu),0.06577999864477183,1.9631035885837644,0.0015114790003281087,0.00014761698548682034,"[-0.3287593722343445,-1.3891241550445557,-1.009430170059204,1.3428199291229248,-1.0649951696395874,-0.8705177903175354,-0.3380202054977417,1.7132530212402344,0.7223445177078247,-0.26393356919288635,-0.6251058578491211,-0.26161837577819824,-0.46767178177833557,1.5650798082351685,0.5000846982002258,0.2558303475379944,0.699192464351654,1.9169912338256836,-0.7547574043273926,1.1344513893127441,1.2409508228302002,-1.6021231412887573,-0.11112993210554123,-0.15743406116962433]","[-0.3535533845424652,-1.7677669525146484,-1.0606601238250732,1.0606601238250732,-1.0606601238250732,-1.0606601238250732,-0.3535533845424652,1.7677669525146484,0.3535533845424652,-0.3535533845424652,-0.3535533845424652,0.3535533845424652,-0.3535533845424652,1.7677669525146484,0.3535533845424652,0.3535533845424652,1.0606601238250732,1.7677669525146484,-1.0606601238250732,1.0606601238250732,1.0606601238250732,-1.7677669525146484,-0.3535533845424652,0.3535533845424652]",1,24,0
seed0_llm_weight_blocks,pilot,12,12,model.layers.23.mlp.down_proj.weight,23,111629,2679096,0.026362722660497624,block_rms,Uniform scalar 2-bit (gpu),0.14555458343743577,1.3901838954224313,7.894900045357645e-05,4.517499473877251e-05,"[-0.3287593722343445,-1.3891241550445557,-1.009430170059204,1.3428199291229248,-1.0649951696395874,-0.8705177903175354,-0.3380202054977417,1.7132530212402344,0.7223445177078247,-0.26393356919288635,-0.6251058578491211,-0.26161837577819824,-0.46767178177833557,1.5650798082351685,0.5000846982002258,0.2558303475379944,0.699192464351654,1.9169912338256836,-0.7547574043273926,1.1344513893127441,1.2409508228302002,-1.6021231412887573,-0.11112993210554123,-0.15743406116962433]","[0.0,-1.0,-1.0,1.0,-1.0,-1.0,0.0,1.0,1.0,0.0,-1.0,0.0,0.0,1.0,1.0,0.0,1.0,1.0,-1.0,1.0,1.0,-2.0,0.0,0.0]",1,24,0
seed0_llm_weight_blocks,pilot,12,12,model.layers.23.mlp.down_proj.weight,23,111629,2679096,0.026362722660497624,block_rms,QTIP bitshift (gpu),0.17740406048405644,1.247444514911095,0.008347088994923979,9.014000534079969e-05,"[-0.3287593722343445,-1.3891241550445557,-1.009430170059204,1.3428199291229248,-1.0649951696395874,-0.8705177903175354,-0.3380202054977417,1.7132530212402344,0.7223445177078247,-0.26393356919288635,-0.6251058578491211,-0.26161837577819824,-0.46767178177833557,1.5650798082351685,0.5000846982002258,0.2558303475379944,0.699192464351654,1.9169912338256836,-0.7547574043273926,1.1344513893127441,1.2409508228302002,-1.6021231412887573,-0.11112993210554123,-0.15743406116962433]","[-0.3863752782344818,-1.104142665863037,-0.8099502921104431,0.516552209854126,-1.1991522312164307,-1.0863057374954224,-0.6930450797080994,1.6563239097595215,0.879913330078125,-0.35491102933883667,-0.9858254790306091,-0.28278225660324097,-0.6930450797080994,1.7390198707580566,1.0181772708892822,-0.0931539535522461,0.0931539535522461,1.159889578819275,0.1029927134513855,1.2617708444595337,0.32379430532455444,-1.8912291526794434,-0.1523558795452118,-0.2120971381664276]",1,24,0
seed0_llm_weight_blocks,pilot,13,13,model.layers.17.mlp.down_proj.weight,17,105429,2530296,0.030675704576162997,block_rms,Uniform scalar 2-bit (gpu),0.0893885504491847,1.741883101880877,7.96790118329227e-05,4.5065011363476515e-05,"[-2.3876285552978516,1.018721580505371,0.4058968722820282,0.44967004656791687,-1.2574844360351562,0.041286077350378036,1.1619791984558105,0.01740979216992855,-0.18902060389518738,0.09401287883520126,0.6884329319000244,-1.3609483242034912,-1.1062679290771484,-0.6526184678077698,1.2415668964385986,1.679298758506775,0.09749483317136765,-1.2017730474472046,-0.7162885665893555,1.5519585609436035,0.166139155626297,-0.3302886188030243,-1.014742136001587,0.1929999738931656]","[-2.0,1.0,0.0,0.0,-1.0,0.0,1.0,0.0,0.0,0.0,1.0,-1.0,-1.0,-1.0,1.0,1.0,0.0,-1.0,-1.0,1.0,0.0,0.0,-1.0,0.0]",1,24,0
seed0_llm_weight_blocks,pilot,13,13,model.layers.17.mlp.down_proj.weight,17,105429,2530296,0.030675704576162997,block_rms,QTIP bitshift (gpu),0.1093438151532989,1.5965282709464992,0.00824621898937039,8.831601007841527e-05,"[-2.3876285552978516,1.018721580505371,0.4058968722820282,0.44967004656791687,-1.2574844360351562,0.041286077350378036,1.1619791984558105,0.01740979216992855,-0.18902060389518738,0.09401287883520126,0.6884329319000244,-1.3609483242034912,-1.1062679290771484,-0.6526184678077698,1.2415668964385986,1.679298758506775,0.09749483317136765,-1.2017730474472046,-0.7162885665893555,1.5519585609436035,0.166139155626297,-0.3302886188030243,-1.014742136001587,0.1929999738931656]","[-1.6189000606536865,1.0863057374954224,0.024481236934661865,0.632066011428833,-0.8944265246391296,0.07350250333547592,0.9858254790306091,-0.13257279992103577,-0.1029927134513855,0.004895777907222509,0.516552209854126,-1.1991522312164307,-1.0863057374954224,-0.6806488037109375,2.1065540313720703,1.4045462608337402,0.5504201054573059,-1.104142665863037,-0.7437441945075989,0.9544740319252014,-0.18214523792266846,-0.32379430532455444,-0.8236187100410461,0.3863752782344818]",1,24,0
seed0_llm_weight_blocks,pilot,13,13,model.layers.17.mlp.down_proj.weight,17,105429,2530296,0.030675704576162997,block_rms,Leech Lattice Vector Quantization (gpu),0.07377744783773103,1.8803381863646282,0.0013326939952094108,0.0005056700028944761,"[-2.3876285552978516,1.018721580505371,0.4058968722820282,0.44967004656791687,-1.2574844360351562,0.041286077350378036,1.1619791984558105,0.01740979216992855,-0.18902060389518738,0.09401287883520126,0.6884329319000244,-1.3609483242034912,-1.1062679290771484,-0.6526184678077698,1.2415668964385986,1.679298758506775,0.09749483317136765,-1.2017730474472046,-0.7162885665893555,1.5519585609436035,0.166139155626297,-0.3302886188030243,-1.014742136001587,0.1929999738931656]","[-2.1213202476501465,0.7071067690849304,0.7071067690849304,0.0,-1.4142135381698608,0.0,1.4142135381698608,0.0,0.0,0.0,0.0,-1.4142135381698608,-1.4142135381698608,-0.7071067690849304,1.4142135381698608,2.1213202476501465,0.0,-1.4142135381698608,-0.7071067690849304,1.4142135381698608,0.0,-0.7071067690849304,-0.7071067690849304,0.0]",1,24,0
seed0_llm_weight_blocks,pilot,14,14,model.layers.21.mlp.down_proj.weight,21,10025,240600,0.01966898213396063,block_rms,Leech Lattice Vector Quantization (gpu),0.06144081213755481,2.0123294959944666,0.0013946699909865856,0.00015835699741728604,"[-0.9371414184570312,-0.5616642236709595,-0.13653716444969177,0.6547577381134033,-2.1845946311950684,0.5120143294334412,-0.015903476625680923,-0.16058631241321564,-1.923932671546936,2.2342443466186523,0.2870383560657501,0.6795827150344849,-0.10473021119832993,-0.10240287333726883,0.4964987635612488,0.5864891409873962,0.5554580092430115,-0.8999040126800537,-1.3715778589248657,-1.4522589445114136,0.5864891409873962,0.7571606040000916,0.9061102271080017,0.7757793068885803]","[-0.7071067690849304,-0.7071067690849304,0.0,0.7071067690849304,-2.1213202476501465,0.7071067690849304,0.0,0.0,-1.4142135381698608,2.1213202476501465,0.0,0.7071067690849304,0.0,0.0,0.0,0.7071067690849304,0.7071067690849304,-0.7071067690849304,-1.4142135381698608,-1.4142135381698608,0.0,0.7071067690849304,1.4142135381698608,0.7071067690849304]",1,24,0
seed0_llm_weight_blocks,pilot,14,14,model.layers.21.mlp.down_proj.weight,21,10025,240600,0.01966898213396063,block_rms,Uniform scalar 2-bit (gpu),0.1510261759883954,1.3635647813745249,7.830699905753136e-05,4.529501893557608e-05,"[-0.9371414184570312,-0.5616642236709595,-0.13653716444969177,0.6547577381134033,-2.1845946311950684,0.5120143294334412,-0.015903476625680923,-0.16058631241321564,-1.923932671546936,2.2342443466186523,0.2870383560657501,0.6795827150344849,-0.10473021119832993,-0.10240287333726883,0.4964987635612488,0.5864891409873962,0.5554580092430115,-0.8999040126800537,-1.3715778589248657,-1.4522589445114136,0.5864891409873962,0.7571606040000916,0.9061102271080017,0.7757793068885803]","[-1.0,-1.0,0.0,1.0,-2.0,1.0,0.0,0.0,-2.0,1.0,0.0,1.0,0.0,0.0,0.0,1.0,1.0,-1.0,-1.0,-1.0,1.0,1.0,1.0,1.0]",1,24,0
seed0_llm_weight_blocks,pilot,14,14,model.layers.21.mlp.down_proj.weight,21,10025,240600,0.01966898213396063,block_rms,QTIP bitshift (gpu),0.17831991109482562,1.2437301903541829,0.008237803005613387,8.830497972667217e-05,"[-0.9371414184570312,-0.5616642236709595,-0.13653716444969177,0.6547577381134033,-2.1845946311950684,0.5120143294334412,-0.015903476625680923,-0.16058631241321564,-1.923932671546936,2.2342443466186523,0.2870383560657501,0.6795827150344849,-0.10473021119832993,-0.10240287333726883,0.4964987635612488,0.5864891409873962,0.5554580092430115,-0.8999040126800537,-1.3715778589248657,-1.4522589445114136,0.5864891409873962,0.7571606040000916,0.9061102271080017,0.7757793068885803]","[-1.1409127712249756,-0.9240337014198303,-0.024481236934661865,0.3863752782344818,-1.6189000606536865,0.9391450881958008,-0.23216964304447174,-0.49430081248283386,-1.6189000606536865,1.122338056564331,0.07350250333547592,0.9858254790306091,-0.14245736598968506,-0.13257279992103577,-0.1029927134513855,0.004895777907222509,0.49430081248283386,-1.2403559684753418,-1.3064303398132324,-1.6189000606536865,1.159889578819275,0.12270114570856094,1.4045462608337402,0.527773916721344]",1,24,0
seed0_llm_weight_blocks,pilot,15,15,model.layers.4.mlp.down_proj.weight,4,83734,2009616,0.02513960716355225,block_rms,Uniform scalar 2-bit (gpu),0.14738350573780165,1.3811764949281982,7.953000022098422e-05,4.4774002162739635e-05,"[0.7040760517120361,-1.2187799215316772,0.9080153107643127,1.582957148551941,-0.9225823879241943,0.9128710031509399,0.670086145401001,-0.18815825879573822,-0.41758993268013,0.4224456250667572,-0.5316988229751587,1.8937218189239502,-0.14142216742038727,0.09954178333282471,-1.854876160621643,0.3398987650871277,1.961701512336731,-0.025644149631261826,-0.25492408871650696,-0.6312406063079834,-0.9225823879241943,-1.534400224685669,-1.0925318002700806,-0.02033323049545288]","[1.0,-1.0,1.0,1.0,-1.0,1.0,1.0,0.0,0.0,0.0,-1.0,1.0,0.0,0.0,-2.0,0.0,1.0,0.0,0.0,-1.0,-1.0,-2.0,-1.0,0.0]",1,24,0
seed0_llm_weight_blocks,pilot,15,15,model.layers.4.mlp.down_proj.weight,4,83734,2009616,0.02513960716355225,block_rms,Leech Lattice Vector Quantization (gpu),0.06537241914786934,1.9675870372903264,0.0015813699865248054,0.0001516949851065874,"[0.7040760517120361,-1.2187799215316772,0.9080153107643127,1.582957148551941,-0.9225823879241943,0.9128710031509399,0.670086145401001,-0.18815825879573822,-0.41758993268013,0.4224456250667572,-0.5316988229751587,1.8937218189239502,-0.14142216742038727,0.09954178333282471,-1.854876160621643,0.3398987650871277,1.961701512336731,-0.025644149631261826,-0.25492408871650696,-0.6312406063079834,-0.9225823879241943,-1.534400224685669,-1.0925318002700806,-0.02033323049545288]","[1.0606601238250732,-1.0606601238250732,1.0606601238250732,1.7677669525146484,-1.0606601238250732,1.0606601238250732,0.3535533845424652,0.3535533845424652,-0.3535533845424652,0.3535533845424652,-0.3535533845424652,1.7677669525146484,-0.3535533845424652,0.3535533845424652,-1.7677669525146484,0.3535533845424652,1.7677669525146484,-0.3535533845424652,-0.3535533845424652,-0.3535533845424652,-0.3535533845424652,-1.7677669525146484,-1.0606601238250732,0.3535533845424652]",1,24,0
seed0_llm_weight_blocks,pilot,15,15,model.layers.4.mlp.down_proj.weight,4,83734,2009616,0.02513960716355225,block_rms,QTIP bitshift (gpu),0.18304905955142378,1.2248488520772185,0.008221812982810661,8.726399391889572e-05,"[0.7040760517120361,-1.2187799215316772,0.9080153107643127,1.582957148551941,-0.9225823879241943,0.9128710031509399,0.670086145401001,-0.18815825879573822,-0.41758993268013,0.4224456250667572,-0.5316988229751587,1.8937218189239502,-0.14142216742038727,0.09954178333282471,-1.854876160621643,0.3398987650871277,1.961701512336731,-0.025644149631261826,-0.25492408871650696,-0.6312406063079834,-0.9225823879241943,-1.534400224685669,-1.0925318002700806,-0.02033323049545288]","[0.40756407380104065,-1.5836154222488403,1.5184290409088135,0.7181638479232788,-0.6930450797080994,1.6563239097595215,0.9091304540634155,-0.3134928345680237,-0.7830567955970764,0.6930450797080994,-0.7308942079544067,1.0516313314437866,-0.034277018159627914,0.33413028717041016,-1.8356715440750122,0.07350250333547592,0.9858254790306091,-0.1523558795452118,-0.2120971381664276,-0.40756407380104065,-1.1991522312164307,-1.1409127712249756,-0.9240337014198303,-0.024481236934661865]",1,24,0
seed0_llm_weight_blocks,pilot,16,16,model.layers.10.mlp.down_proj.weight,10,49014,1176336,0.029556999087932533,block_rms,Leech Lattice Vector Quantization (gpu),0.06737460503959612,1.9458256530687963,0.0019268190080765635,0.0001482880034018308,"[2.2136783599853516,-0.4563646614551544,-0.8342593908309937,1.1976990699768066,-0.937509298324585,-0.4666896462440491,0.0022908577229827642,0.37789469957351685,-0.32007476687431335,-1.2720390558242798,-1.3133389949798584,-1.4372389316558838,-0.27670979499816895,-1.4702788591384888,1.1729191541671753,1.7841585874557495,-0.4088696837425232,-0.40267470479011536,0.8879493474960327,0.13319240510463715,0.8094793558120728,-0.41299968957901,0.4501696527004242,-1.024239182472229]","[2.4748737812042236,-0.3535533845424652,-0.3535533845424652,1.0606601238250732,-0.3535533845424652,-0.3535533845424652,-0.3535533845424652,0.3535533845424652,-0.3535533845424652,-1.0606601238250732,-1.7677669525146484,-1.0606601238250732,-0.3535533845424652,-1.7677669525146484,1.0606601238250732,1.7677669525146484,-0.3535533845424652,-0.3535533845424652,1.0606601238250732,0.3535533845424652,0.3535533845424652,-0.3535533845424652,0.3535533845424652,-1.0606601238250732]",1,24,0
seed0_llm_weight_blocks,pilot,16,16,model.layers.10.mlp.down_proj.weight,10,49014,1176336,0.029556999087932533,block_rms,QTIP bitshift (gpu),0.17240797727550025,1.2680507963574523,0.008059118001256138,8.715401054359972e-05,"[2.2136783599853516,-0.4563646614551544,-0.8342593908309937,1.1976990699768066,-0.937509298324585,-0.4666896462440491,0.0022908577229827642,0.37789469957351685,-0.32007476687431335,-1.2720390558242798,-1.3133389949798584,-1.4372389316558838,-0.27670979499816895,-1.4702788591384888,1.1729191541671753,1.7841585874557495,-0.4088696837425232,-0.40267470479011536,0.8879493474960327,0.13319240510463715,0.8094793558120728,-0.41299968957901,0.4501696527004242,-1.024239182472229]","[0.9091304540634155,-0.3134928345680237,-0.7964315414428711,0.6083298325538635,-0.9240337014198303,-0.0931539535522461,0.06368788331747055,0.8514286875724792,-0.40756407380104065,-1.1991522312164307,-1.1792936325073242,-1.034759521484375,-0.4832668900489807,-1.550199031829834,1.6563239097595215,0.9091304540634155,-0.2929880917072296,-0.7308942079544067,1.0863057374954224,0.034277018159627914,0.66835618019104,-0.7830567955970764,0.6930450797080994,-0.756718099117279]",1,24,0
seed0_llm_weight_blocks,pilot,16,16,model.layers.10.mlp.down_proj.weight,10,49014,1176336,0.029556999087932533,block_rms,Uniform scalar 2-bit (gpu),0.1787677196705617,1.241920935598958,7.925901445560157e-05,4.419300239533186e-05,"[2.2136783599853516,-0.4563646614551544,-0.8342593908309937,1.1976990699768066,-0.937509298324585,-0.4666896462440491,0.0022908577229827642,0.37789469957351685,-0.32007476687431335,-1.2720390558242798,-1.3133389949798584,-1.4372389316558838,-0.27670979499816895,-1.4702788591384888,1.1729191541671753,1.7841585874557495,-0.4088696837425232,-0.40267470479011536,0.8879493474960327,0.13319240510463715,0.8094793558120728,-0.41299968957901,0.4501696527004242,-1.024239182472229]","[1.0,0.0,-1.0,1.0,-1.0,0.0,0.0,0.0,0.0,-1.0,-1.0,-1.0,0.0,-1.0,1.0,1.0,0.0,0.0,1.0,0.0,1.0,0.0,0.0,-1.0]",1,24,0
seed0_llm_weight_blocks,pilot,17,17,model.layers.5.mlp.down_proj.weight,5,1328,31872,0.01303482681306267,block_rms,QTIP bitshift (gpu),0.14515379304515827,1.3921728816765306,0.008078613987891003,8.671300020068884e-05,"[-0.8428441882133484,0.21305227279663086,-2.275679349899292,0.2856305241584778,0.28680112957954407,-0.6649104356765747,0.25870633125305176,0.7117350697517395,-0.032191965728998184,0.4846354126930237,0.5174126625061035,1.4890247583389282,0.501024067401886,-1.676323413848877,-0.7819721102714539,2.0509207248687744,-0.8194318413734436,-1.0629202127456665,0.4776116907596588,1.0722850561141968,0.05648226663470268,0.9177636504173279,-1.030142903327942,1.0956974029541016]","[-0.8374426960945129,0.33413028717041016,-1.8356715440750122,0.024481236934661865,0.632066011428833,-0.8944265246391296,0.07350250333547592,0.9858254790306091,-0.13257279992103577,-0.07350250333547592,0.12270114570856094,1.4045462608337402,0.5504201054573059,-1.104142665863037,-0.756718099117279,0.879913330078125,-0.33413028717041016,-0.8944265246391296,0.0931539535522461,1.0863057374954224,0.034277018159627914,0.66835618019104,-0.7830567955970764,0.6440681219100952]",1,24,0
seed0_llm_weight_blocks,pilot,17,17,model.layers.5.mlp.down_proj.weight,5,1328,31872,0.01303482681306267,block_rms,Uniform scalar 2-bit (gpu),0.12815907433024856,1.4819962013070394,7.68850150052458e-05,4.357201396487653e-05,"[-0.8428441882133484,0.21305227279663086,-2.275679349899292,0.2856305241584778,0.28680112957954407,-0.6649104356765747,0.25870633125305176,0.7117350697517395,-0.032191965728998184,0.4846354126930237,0.5174126625061035,1.4890247583389282,0.501024067401886,-1.676323413848877,-0.7819721102714539,2.0509207248687744,-0.8194318413734436,-1.0629202127456665,0.4776116907596588,1.0722850561141968,0.05648226663470268,0.9177636504173279,-1.030142903327942,1.0956974029541016]","[-1.0,0.0,-2.0,0.0,0.0,-1.0,0.0,1.0,0.0,0.0,1.0,1.0,1.0,-2.0,-1.0,1.0,-1.0,-1.0,0.0,1.0,0.0,1.0,-1.0,1.0]",1,24,0
seed0_llm_weight_blocks,pilot,17,17,model.layers.5.mlp.down_proj.weight,5,1328,31872,0.01303482681306267,block_rms,Leech Lattice Vector Quantization (gpu),0.049930318947262485,2.161970003830181,0.0009442940063308924,0.0001473459997214377,"[-0.8428441882133484,0.21305227279663086,-2.275679349899292,0.2856305241584778,0.28680112957954407,-0.6649104356765747,0.25870633125305176,0.7117350697517395,-0.032191965728998184,0.4846354126930237,0.5174126625061035,1.4890247583389282,0.501024067401886,-1.676323413848877,-0.7819721102714539,2.0509207248687744,-0.8194318413734436,-1.0629202127456665,0.4776116907596588,1.0722850561141968,0.05648226663470268,0.9177636504173279,-1.030142903327942,1.0956974029541016]","[-1.0606601238250732,0.3535533845424652,-2.4748737812042236,0.3535533845424652,0.3535533845424652,-0.3535533845424652,0.3535533845424652,1.0606601238250732,0.3535533845424652,0.3535533845424652,0.3535533845424652,1.0606601238250732,0.3535533845424652,-1.7677669525146484,-0.3535533845424652,1.7677669525146484,-1.0606601238250732,-1.0606601238250732,0.3535533845424652,1.0606601238250732,0.3535533845424652,1.0606601238250732,-1.0606601238250732,1.0606601238250732]",1,24,0
seed0_llm_weight_blocks,pilot,18,18,model.layers.9.mlp.down_proj.weight,9,122897,2949528,0.01684340102624068,block_rms,Uniform scalar 2-bit (gpu),0.09516170304845452,1.6967375471127084,7.527100387960672e-05,4.303100286051631e-05,"[-0.6812525391578674,0.5399288535118103,-2.3916311264038086,-1.601668119430542,0.3714275658130646,-0.034198515117168427,-0.9421577453613281,-1.0291261672973633,-1.3335155248641968,-0.44752493500709534,0.9276630282402039,0.9494051337242126,-1.1015998125076294,-0.2844591736793518,-0.869684100151062,-0.327943354845047,0.022421542555093765,0.81532883644104,1.507452368736267,0.32613152265548706,1.5146998167037964,-0.3333788812160492,-0.5580472946166992,-1.1015998125076294]","[-1.0,1.0,-2.0,-2.0,0.0,0.0,-1.0,-1.0,-1.0,0.0,1.0,1.0,-1.0,0.0,-1.0,0.0,0.0,1.0,1.0,0.0,1.0,0.0,-1.0,-1.0]",1,24,0
seed0_llm_weight_blocks,pilot,18,18,model.layers.9.mlp.down_proj.weight,9,122897,2949528,0.01684340102624068,block_rms,Leech Lattice Vector Quantization (gpu),0.061512140399276466,2.011492503923754,0.0015672339941374958,0.00014560401905328035,"[-0.6812525391578674,0.5399288535118103,-2.3916311264038086,-1.601668119430542,0.3714275658130646,-0.034198515117168427,-0.9421577453613281,-1.0291261672973633,-1.3335155248641968,-0.44752493500709534,0.9276630282402039,0.9494051337242126,-1.1015998125076294,-0.2844591736793518,-0.869684100151062,-0.327943354845047,0.022421542555093765,0.81532883644104,1.507452368736267,0.32613152265548706,1.5146998167037964,-0.3333788812160492,-0.5580472946166992,-1.1015998125076294]","[-0.3535533845424652,0.3535533845424652,-1.7677669525146484,-1.0606601238250732,0.3535533845424652,-0.3535533845424652,-1.0606601238250732,-1.0606601238250732,-1.0606601238250732,-0.3535533845424652,1.0606601238250732,1.0606601238250732,-1.0606601238250732,-0.3535533845424652,-1.0606601238250732,-0.3535533845424652,-0.3535533845424652,1.0606601238250732,1.7677669525146484,0.3535533845424652,1.7677669525146484,-0.3535533845424652,-0.3535533845424652,-1.0606601238250732]",1,24,0
seed0_llm_weight_blocks,pilot,18,18,model.layers.9.mlp.down_proj.weight,9,122897,2949528,0.01684340102624068,block_rms,QTIP bitshift (gpu),0.10719090092500917,1.6108728224314879,0.00821117399027571,9.786401642486453e-05,"[-0.6812525391578674,0.5399288535118103,-2.3916311264038086,-1.601668119430542,0.3714275658130646,-0.034198515117168427,-0.9421577453613281,-1.0291261672973633,-1.3335155248641968,-0.44752493500709534,0.9276630282402039,0.9494051337242126,-1.1015998125076294,-0.2844591736793518,-0.869684100151062,-0.327943354845047,0.022421542555093765,0.81532883644104,1.507452368736267,0.32613152265548706,1.5146998167037964,-0.3333788812160492,-0.5580472946166992,-1.1015998125076294]","[-0.8655832409858704,0.2120971381664276,-2.8856348991394043,-1.6563239097595215,0.8514286875724792,-0.40756407380104065,-1.2194952964782715,-1.1991522312164307,-1.0863057374954224,-0.7055488228797913,1.4591230154037476,0.5849315524101257,-0.9858254790306091,-0.3445020616054535,-0.9391450881958008,-0.13257279992103577,-0.0931539535522461,0.0931539535522461,1.122338056564331,0.07350250333547592,0.9544740319252014,-0.2120971381664276,-0.3863752782344818,-1.122338056564331]",1,24,0
seed0_llm_weight_blocks,pilot,19,19,model.layers.18.mlp.down_proj.weight,18,36426,874224,0.024392856288935297,block_rms,Leech Lattice Vector Quantization (gpu),0.06831748384802305,1.9358006461389496,0.0015590979892294854,0.00016121199587360024,"[1.8015648126602173,-0.033153798431158066,-0.4003477394580841,-0.43287599086761475,0.6905998587608337,2.0317647457122803,1.281112790107727,-1.0759345293045044,-0.12698529660701752,0.6255433559417725,-0.6330498456954956,0.30151188373565674,1.991729974746704,0.9258041381835938,0.03440488502383232,-0.20017386972904205,0.05317118391394615,-1.1109650135040283,-0.7006085515022278,-1.711486577987671,-1.1059606075286865,-0.4178629517555237,0.990860641002655,-0.4478890299797058]","[1.7677669525146484,-0.3535533845424652,-0.3535533845424652,-0.3535533845424652,1.0606601238250732,1.7677669525146484,1.0606601238250732,-1.0606601238250732,-0.3535533845424652,1.0606601238250732,-0.3535533845424652,0.3535533845424652,1.7677669525146484,1.0606601238250732,0.3535533845424652,-0.3535533845424652,-0.3535533845424652,-1.0606601238250732,-1.0606601238250732,-1.7677669525146484,-1.7677669525146484,-0.3535533845424652,1.0606601238250732,-0.3535533845424652]",1,24,0
seed0_llm_weight_blocks,pilot,19,19,model.layers.18.mlp.down_proj.weight,18,36426,874224,0.024392856288935297,block_rms,Uniform scalar 2-bit (gpu),0.17596062584009195,1.2533377004279576,8.155297837220132e-05,4.5244989451020956e-05,"[1.8015648126602173,-0.033153798431158066,-0.4003477394580841,-0.43287599086761475,0.6905998587608337,2.0317647457122803,1.281112790107727,-1.0759345293045044,-0.12698529660701752,0.6255433559417725,-0.6330498456954956,0.30151188373565674,1.991729974746704,0.9258041381835938,0.03440488502383232,-0.20017386972904205,0.05317118391394615,-1.1109650135040283,-0.7006085515022278,-1.711486577987671,-1.1059606075286865,-0.4178629517555237,0.990860641002655,-0.4478890299797058]","[1.0,0.0,0.0,0.0,1.0,1.0,1.0,-1.0,0.0,1.0,-1.0,0.0,1.0,1.0,0.0,0.0,0.0,-1.0,-1.0,-2.0,-1.0,0.0,1.0,0.0]",1,24,0
seed0_llm_weight_blocks,pilot,19,19,model.layers.18.mlp.down_proj.weight,18,36426,874224,0.024392856288935297,block_rms,QTIP bitshift (gpu),0.12620867635093727,1.4930584725589113,0.008163974998751655,8.845599950291216e-05,"[1.8015648126602173,-0.033153798431158066,-0.4003477394580841,-0.43287599086761475,0.6905998587608337,2.0317647457122803,1.281112790107727,-1.0759345293045044,-0.12698529660701752,0.6255433559417725,-0.6330498456954956,0.30151188373565674,1.991729974746704,0.9258041381835938,0.03440488502383232,-0.20017386972904205,0.05317118391394615,-1.1109650135040283,-0.7006085515022278,-1.711486577987671,-1.1059606075286865,-0.4178629517555237,0.990860641002655,-0.4478890299797058]","[0.9858254790306091,-0.14245736598968506,-0.13257279992103577,-0.07350250333547592,0.12270114570856094,1.4591230154037476,0.632066011428833,-0.9091304540634155,0.024481236934661865,0.632066011428833,-0.879913330078125,0.13257279992103577,1.7390198707580566,0.9858254790306091,-0.1523558795452118,-0.19210973381996155,-0.35491102933883667,-1.0018702745437622,-0.40756407380104065,-1.1991522312164307,-1.104142665863037,-0.7830567955970764,0.6930450797080994,-0.7437441945075989]",1,24,0
seed0_llm_weight_blocks,pilot,20,20,model.layers.10.mlp.down_proj.weight,10,30579,733896,0.027225032732285322,block_rms,Uniform scalar 2-bit (gpu),0.10112049618944796,1.6529263445967566,7.868700777180493e-05,4.368199734017253e-05,"[-1.0133280754089355,-0.3676677346229553,-0.5559853315353394,-0.29368579387664795,0.833977997303009,0.19840605556964874,-2.54677152633667,-0.6725628972053528,-0.04175494611263275,0.7084329128265381,-0.7487866878509521,0.4169889986515045,-1.5244759321212769,-2.1611688137054443,-0.31834644079208374,0.021157708019018173,1.0895519256591797,1.2016457319259644,0.3743933439254761,0.03376826271414757,-0.8025917410850525,1.6948585510253906,-0.37887710332870483,-0.04539799690246582]","[-1.0,0.0,-1.0,0.0,1.0,0.0,-2.0,-1.0,0.0,1.0,-1.0,0.0,-2.0,-2.0,0.0,0.0,1.0,1.0,0.0,0.0,-1.0,1.0,0.0,0.0]",1,24,0
seed0_llm_weight_blocks,pilot,20,20,model.layers.10.mlp.down_proj.weight,10,30579,733896,0.027225032732285322,block_rms,QTIP bitshift (gpu),0.09490372880623466,1.6986957297338154,0.008059107000008225,9.641097858548164e-05,"[-1.0133280754089355,-0.3676677346229553,-0.5559853315353394,-0.29368579387664795,0.833977997303009,0.19840605556964874,-2.54677152633667,-0.6725628972053528,-0.04175494611263275,0.7084329128265381,-0.7487866878509521,0.4169889986515045,-1.5244759321212769,-2.1611688137054443,-0.31834644079208374,0.021157708019018173,1.0895519256591797,1.2016457319259644,0.3743933439254761,0.03376826271414757,-0.8025917410850525,1.6948585510253906,-0.37887710332870483,-0.04539799690246582]","[-0.9858254790306091,-0.33413028717041016,-0.879913330078125,0.1029927134513855,1.2194952964782715,0.25233614444732666,-2.335232973098755,-0.9091304540634155,0.034277018159627914,0.66835618019104,-0.8099502921104431,0.46137264370918274,-1.3787599802017212,-1.8912291526794434,-0.07350250333547592,0.13257279992103577,1.7390198707580566,0.9544740319252014,-0.18214523792266846,-0.2929880917072296,-0.7437441945075989,0.9544740319252014,-0.19210973381996155,-0.35491102933883667]",1,24,0
seed0_llm_weight_blocks,pilot,20,20,model.layers.10.mlp.down_proj.weight,10,30579,733896,0.027225032732285322,block_rms,Leech Lattice Vector Quantization (gpu),0.0704997253259053,1.913119297634324,0.0014348560071084648,0.0001529669971205294,"[-1.0133280754089355,-0.3676677346229553,-0.5559853315353394,-0.29368579387664795,0.833977997303009,0.19840605556964874,-2.54677152633667,-0.6725628972053528,-0.04175494611263275,0.7084329128265381,-0.7487866878509521,0.4169889986515045,-1.5244759321212769,-2.1611688137054443,-0.31834644079208374,0.021157708019018173,1.0895519256591797,1.2016457319259644,0.3743933439254761,0.03376826271414757,-0.8025917410850525,1.6948585510253906,-0.37887710332870483,-0.04539799690246582]","[-1.0606601238250732,-0.3535533845424652,-0.3535533845424652,-0.3535533845424652,1.0606601238250732,-0.3535533845424652,-2.4748737812042236,-1.0606601238250732,-0.3535533845424652,1.0606601238250732,-0.3535533845424652,0.3535533845424652,-1.7677669525146484,-1.7677669525146484,-0.3535533845424652,0.3535533845424652,1.0606601238250732,1.0606601238250732,0.3535533845424652,0.3535533845424652,-0.3535533845424652,1.7677669525146484,-0.3535533845424652,-0.3535533845424652]",1,24,0
seed0_llm_weight_blocks,pilot,21,21,model.layers.3.mlp.down_proj.weight,3,39905,957720,0.03422101985943996,block_rms,Leech Lattice Vector Quantization (gpu),0.06926057404547394,1.9259109230630136,0.0011838939972221851,0.00015135400462895632,"[-1.0986714363098145,0.585006833076477,0.4565907120704651,-0.002800742629915476,0.920315682888031,-0.404867559671402,-1.3341009616851807,-1.0630003213882446,1.9119735956192017,0.344226598739624,1.7978259325027466,-0.8632418513298035,2.0546581745147705,0.03254992514848709,-0.9060472249984741,0.14535993337631226,0.7134230136871338,1.5409936904907227,0.030097533017396927,0.22651180624961853,-0.03522526100277901,1.0201948881149292,0.14714349806308746,-1.2270876169204712]","[-1.4142135381698608,0.7071067690849304,0.0,0.0,0.7071067690849304,0.0,-1.4142135381698608,-0.7071067690849304,2.1213202476501465,0.0,2.1213202476501465,-0.7071067690849304,2.1213202476501465,0.0,-0.7071067690849304,0.0,0.7071067690849304,1.4142135381698608,0.0,0.7071067690849304,0.0,0.7071067690849304,0.0,-0.7071067690849304]",1,24,0
seed0_llm_weight_blocks,pilot,21,21,model.layers.3.mlp.down_proj.weight,3,39905,957720,0.03422101985943996,block_rms,Uniform scalar 2-bit (gpu),0.16362156559388294,1.3057825928778388,7.940997602418065e-05,4.490499850362539e-05,"[-1.0986714363098145,0.585006833076477,0.4565907120704651,-0.002800742629915476,0.920315682888031,-0.404867559671402,-1.3341009616851807,-1.0630003213882446,1.9119735956192017,0.344226598739624,1.7978259325027466,-0.8632418513298035,2.0546581745147705,0.03254992514848709,-0.9060472249984741,0.14535993337631226,0.7134230136871338,1.5409936904907227,0.030097533017396927,0.22651180624961853,-0.03522526100277901,1.0201948881149292,0.14714349806308746,-1.2270876169204712]","[-1.0,1.0,0.0,0.0,1.0,0.0,-1.0,-1.0,1.0,0.0,1.0,-1.0,1.0,0.0,-1.0,0.0,1.0,1.0,0.0,0.0,0.0,1.0,0.0,-1.0]",1,24,0
seed0_llm_weight_blocks,pilot,21,21,model.layers.3.mlp.down_proj.weight,3,39905,957720,0.03422101985943996,block_rms,QTIP bitshift (gpu),0.19520156229303884,1.1784817483154983,0.008786665013758466,9.941699681803584e-05,"[-1.0986714363098145,0.585006833076477,0.4565907120704651,-0.002800742629915476,0.920315682888031,-0.404867559671402,-1.3341009616851807,-1.0630003213882446,1.9119735956192017,0.344226598739624,1.7978259325027466,-0.8632418513298035,2.0546581745147705,0.03254992514848709,-0.9060472249984741,0.14535993337631226,0.7134230136871338,1.5409936904907227,0.030097533017396927,0.22651180624961853,-0.03522526100277901,1.0201948881149292,0.14714349806308746,-1.2270876169204712]","[-0.7437441945075989,1.0181772708892822,-0.0931539535522461,0.06368788331747055,0.8514286875724792,-0.3863752782344818,-1.104142665863037,-0.7308942079544067,1.0863057374954224,0.034277018159627914,0.7181638479232788,-0.7055488228797913,1.4591230154037476,0.6083298325538635,-0.9240337014198303,-0.0931539535522461,0.07350250333547592,0.9858254790306091,-0.13257279992103577,-0.07350250333547592,0.12270114570856094,1.4045462608337402,0.5504201054573059,-1.104142665863037]",1,24,0
seed0_llm_weight_blocks,pilot,22,22,model.layers.2.mlp.down_proj.weight,2,30824,739776,0.020618699266526656,block_rms,Uniform scalar 2-bit (gpu),0.18919746245890967,1.2010176503727694,8.363701635971665e-05,4.793002153746784e-05,"[-0.1376485824584961,0.8110905885696411,-0.36558279395103455,0.7341257929801941,0.5091517567634583,-0.840692400932312,0.6512405872344971,1.1781535148620605,0.22349393367767334,1.338003396987915,-0.2886179983615875,2.5812809467315674,-0.39666473865509033,-0.37002307176589966,0.13986872136592865,1.4149682521820068,1.0597460269927979,-0.5831563472747803,0.18501153588294983,0.4854702651500702,0.994621992111206,-1.870836615562439,-1.6458625793457031,-0.19685228168964386]","[0.0,1.0,0.0,1.0,1.0,-1.0,1.0,1.0,0.0,1.0,0.0,1.0,0.0,0.0,0.0,1.0,1.0,-1.0,0.0,0.0,1.0,-2.0,-2.0,0.0]",1,24,0
seed0_llm_weight_blocks,pilot,22,22,model.layers.2.mlp.down_proj.weight,2,30824,739776,0.020618699266526656,block_rms,Leech Lattice Vector Quantization (gpu),0.06373366664293344,1.9859002362107467,0.0011898049851879478,0.00023332799901254475,"[-0.1376485824584961,0.8110905885696411,-0.36558279395103455,0.7341257929801941,0.5091517567634583,-0.840692400932312,0.6512405872344971,1.1781535148620605,0.22349393367767334,1.338003396987915,-0.2886179983615875,2.5812809467315674,-0.39666473865509033,-0.37002307176589966,0.13986872136592865,1.4149682521820068,1.0597460269927979,-0.5831563472747803,0.18501153588294983,0.4854702651500702,0.994621992111206,-1.870836615562439,-1.6458625793457031,-0.19685228168964386]","[0.0,0.7071067690849304,0.0,0.7071067690849304,0.7071067690849304,-0.7071067690849304,0.7071067690849304,1.4142135381698608,0.0,1.4142135381698608,-0.7071067690849304,2.1213202476501465,-0.7071067690849304,0.0,0.0,1.4142135381698608,0.7071067690849304,-0.7071067690849304,0.0,0.7071067690849304,1.4142135381698608,-2.1213202476501465,-1.4142135381698608,0.0]",1,24,0
seed0_llm_weight_blocks,pilot,22,22,model.layers.2.mlp.down_proj.weight,2,30824,739776,0.020618699266526656,block_rms,QTIP bitshift (gpu),0.20926708460267837,1.1282913152350393,0.008583432994782925,9.2855014372617e-05,"[-0.1376485824584961,0.8110905885696411,-0.36558279395103455,0.7341257929801941,0.5091517567634583,-0.840692400932312,0.6512405872344971,1.1781535148620605,0.22349393367767334,1.338003396987915,-0.2886179983615875,2.5812809467315674,-0.39666473865509033,-0.37002307176589966,0.13986872136592865,1.4149682521820068,1.0597460269927979,-0.5831563472747803,0.18501153588294983,0.4854702651500702,0.994621992111206,-1.870836615562439,-1.6458625793457031,-0.19685228168964386]","[0.07350250333547592,1.0181772708892822,-0.1029927134513855,0.024481236934661865,0.632066011428833,-0.8944265246391296,0.0931539535522461,1.122338056564331,0.0931539535522461,1.159889578819275,0.12270114570856094,1.4591230154037476,0.632066011428833,-0.879913330078125,0.13257279992103577,1.7390198707580566,0.9858254790306091,-0.13257279992103577,-0.1029927134513855,-0.004895777907222509,0.46137264370918274,-1.3787599802017212,-1.8912291526794434,-0.0931539535522461]",1,24,0
seed0_llm_weight_blocks,pilot,23,23,model.layers.17.mlp.down_proj.weight,17,120250,2886000,0.02609438645864781,block_rms,Uniform scalar 2-bit (gpu),0.17580914436837825,1.2539590163926064,8.54399986565113e-05,4.738898132927716e-05,"[2.30159068107605,-0.5286173224449158,0.2491050809621811,-1.3753407001495361,-0.898181676864624,0.6876703500747681,-0.9262498617172241,1.646666407585144,-0.9636741280555725,1.0151324272155762,0.4771590232849121,0.5894317626953125,-0.21635887026786804,-0.002704485785216093,0.38125941157341003,1.0665907859802246,0.4771590232849121,0.7297726273536682,-0.1327390968799591,-1.7215149402618408,-1.5156816244125366,-1.0151324272155762,-0.6034657955169678,-0.56838059425354]","[1.0,-1.0,0.0,-1.0,-1.0,1.0,-1.0,1.0,-1.0,1.0,0.0,1.0,0.0,0.0,0.0,1.0,0.0,1.0,0.0,-2.0,-2.0,-1.0,-1.0,-1.0]",1,24,0
seed0_llm_weight_blocks,pilot,23,23,model.layers.17.mlp.down_proj.weight,17,120250,2886000,0.02609438645864781,block_rms,Leech Lattice Vector Quantization (gpu),0.06493415034145998,1.9724394076128053,0.0013844000059179962,0.00015239600907079875,"[2.30159068107605,-0.5286173224449158,0.2491050809621811,-1.3753407001495361,-0.898181676864624,0.6876703500747681,-0.9262498617172241,1.646666407585144,-0.9636741280555725,1.0151324272155762,0.4771590232849121,0.5894317626953125,-0.21635887026786804,-0.002704485785216093,0.38125941157341003,1.0665907859802246,0.4771590232849121,0.7297726273536682,-0.1327390968799591,-1.7215149402618408,-1.5156816244125366,-1.0151324272155762,-0.6034657955169678,-0.56838059425354]","[2.1213202476501465,-0.7071067690849304,0.7071067690849304,-1.4142135381698608,-0.7071067690849304,0.7071067690849304,-0.7071067690849304,1.4142135381698608,-0.7071067690849304,0.7071067690849304,0.7071067690849304,0.0,0.0,0.0,0.7071067690849304,0.7071067690849304,0.7071067690849304,0.7071067690849304,0.0,-1.4142135381698608,-1.4142135381698608,-0.7071067690849304,-0.7071067690849304,-0.7071067690849304]",1,24,0
seed0_llm_weight_blocks,pilot,23,23,model.layers.17.mlp.down_proj.weight,17,120250,2886000,0.02609438645864781,block_rms,QTIP bitshift (gpu),0.17253672661302696,1.2675123269024273,0.008144879015162587,8.958802209235728e-05,"[2.30159068107605,-0.5286173224449158,0.2491050809621811,-1.3753407001495361,-0.898181676864624,0.6876703500747681,-0.9262498617172241,1.646666407585144,-0.9636741280555725,1.0151324272155762,0.4771590232849121,0.5894317626953125,-0.21635887026786804,-0.002704485785216093,0.38125941157341003,1.0665907859802246,0.4771590232849121,0.7297726273536682,-0.1327390968799591,-1.7215149402618408,-1.5156816244125366,-1.0151324272155762,-0.6034657955169678,-0.56838059425354]","[1.0863057374954224,0.004895777907222509,0.5504201054573059,-1.104142665863037,-0.7830567955970764,0.66835618019104,-0.7830567955970764,0.6930450797080994,-0.7308942079544067,1.122338056564331,0.07350250333547592,0.9858254790306091,-0.13257279992103577,-0.0931539535522461,0.0931539535522461,1.122338056564331,0.06368788331747055,0.8514286875724792,-0.40756407380104065,-1.1991522312164307,-1.159889578819275,-0.9858254790306091,-0.2929880917072296,-0.7308942079544067]",1,24,0
seed0_llm_weight_blocks,pilot,24,24,model.layers.18.mlp.down_proj.weight,18,2166,51984,0.017684963934620837,block_rms,Leech Lattice Vector Quantization (gpu),0.07394448678048517,1.8787067681839962,0.001441447006072849,0.00014951001503504813,"[-1.5737680196762085,-0.15962010622024536,-2.2916271686553955,-0.1811904013156891,0.012510765343904495,1.1734235286712646,0.9111288189888,-0.5591018199920654,-0.3520270586013794,-0.3520270586013794,1.2700583934783936,0.6660904288291931,1.7049152851104736,0.12597046792507172,-0.2105259895324707,-0.004287094343453646,0.5038818717002869,-1.4633281230926514,1.8084527254104614,0.3295939564704895,-0.8144939541816711,0.1190679743885994,-0.866262674331665,1.1043986082077026]","[-1.7677669525146484,-0.3535533845424652,-1.7677669525146484,-0.3535533845424652,0.3535533845424652,1.0606601238250732,0.3535533845424652,-0.3535533845424652,-0.3535533845424652,-0.3535533845424652,1.0606601238250732,0.3535533845424652,1.7677669525146484,0.3535533845424652,-0.3535533845424652,0.3535533845424652,0.3535533845424652,-1.0606601238250732,1.7677669525146484,0.3535533845424652,-1.0606601238250732,0.3535533845424652,-0.3535533845424652,1.0606601238250732]",1,24,0
seed0_llm_weight_blocks,pilot,24,24,model.layers.18.mlp.down_proj.weight,18,2166,51984,0.017684963934620837,block_rms,Uniform scalar 2-bit (gpu),0.11863940226490026,1.5376723963987242,8.149299537763e-05,4.527499550022185e-05,"[-1.5737680196762085,-0.15962010622024536,-2.2916271686553955,-0.1811904013156891,0.012510765343904495,1.1734235286712646,0.9111288189888,-0.5591018199920654,-0.3520270586013794,-0.3520270586013794,1.2700583934783936,0.6660904288291931,1.7049152851104736,0.12597046792507172,-0.2105259895324707,-0.004287094343453646,0.5038818717002869,-1.4633281230926514,1.8084527254104614,0.3295939564704895,-0.8144939541816711,0.1190679743885994,-0.866262674331665,1.1043986082077026]","[-2.0,0.0,-2.0,0.0,0.0,1.0,1.0,-1.0,0.0,0.0,1.0,1.0,1.0,0.0,0.0,0.0,1.0,-1.0,1.0,0.0,-1.0,0.0,-1.0,1.0]",1,24,0
seed0_llm_weight_blocks,pilot,24,24,model.layers.18.mlp.down_proj.weight,18,2166,51984,0.017684963934620837,block_rms,QTIP bitshift (gpu),0.11698948601854066,1.5477745740556526,0.008102959982352331,8.818501373752952e-05,"[-1.5737680196762085,-0.15962010622024536,-2.2916271686553955,-0.1811904013156891,0.012510765343904495,1.1734235286712646,0.9111288189888,-0.5591018199920654,-0.3520270586013794,-0.3520270586013794,1.2700583934783936,0.6660904288291931,1.7049152851104736,0.12597046792507172,-0.2105259895324707,-0.004287094343453646,0.5038818717002869,-1.4633281230926514,1.8084527254104614,0.3295939564704895,-0.8144939541816711,0.1190679743885994,-0.866262674331665,1.1043986082077026]","[-1.0516313314437866,-0.5504201054573059,-1.8912291526794434,-0.07350250333547592,0.12270114570856094,1.4591230154037476,0.5849315524101257,-0.9858254790306091,-0.2929880917072296,-0.7308942079544067,1.122338056564331,0.07350250333547592,0.9858254790306091,-0.13257279992103577,-0.11284144967794418,-0.024481236934661865,0.40756407380104065,-1.5836154222488403,1.4591230154037476,0.5849315524101257,-0.9858254790306091,-0.3134928345680237,-0.7964315414428711,0.5733522176742554]",1,24,0
seed0_llm_weight_blocks,pilot,25,25,model.layers.22.mlp.down_proj.weight,22,17616,422784,0.03791116819025505,block_rms,Leech Lattice Vector Quantization (gpu),0.07114995514153553,1.9064966103139016,0.0013661260018125176,0.0005036060174461454,"[-0.5280641913414001,1.5584334135055542,0.7502375245094299,0.32038041949272156,1.1012070178985596,1.1462856531143188,-1.8031460046768188,0.07446027547121048,1.1784847974777222,0.7566773891448975,0.030790328979492188,2.910792827606201,-0.49908506870269775,-0.1569703072309494,-0.37833869457244873,1.4360769987106323,0.1915842741727829,-0.7437977194786072,0.2704719007015228,-0.19802407920360565,0.019621288403868675,-0.4411267936229706,-0.7373579144477844,-0.6987190842628479]","[-0.7071067690849304,1.4142135381698608,0.7071067690849304,0.0,1.4142135381698608,1.4142135381698608,-2.1213202476501465,0.0,1.4142135381698608,0.7071067690849304,0.0,2.8284270763397217,-0.7071067690849304,-0.7071067690849304,-0.7071067690849304,0.7071067690849304,0.0,-0.7071067690849304,0.0,0.0,0.0,-0.7071067690849304,-0.7071067690849304,-0.7071067690849304]",1,24,0
seed0_llm_weight_blocks,pilot,25,25,model.layers.22.mlp.down_proj.weight,22,17616,422784,0.03791116819025505,block_rms,QTIP bitshift (gpu),0.2485593311994283,1.0041688540993827,0.00816647897590883,8.67229828145355e-05,"[-0.5280641913414001,1.5584334135055542,0.7502375245094299,0.32038041949272156,1.1012070178985596,1.1462856531143188,-1.8031460046768188,0.07446027547121048,1.1784847974777222,0.7566773891448975,0.030790328979492188,2.910792827606201,-0.49908506870269775,-0.1569703072309494,-0.37833869457244873,1.4360769987106323,0.1915842741727829,-0.7437977194786072,0.2704719007015228,-0.19802407920360565,0.019621288403868675,-0.4411267936229706,-0.7373579144477844,-0.6987190842628479]","[-0.6930450797080994,1.8356715440750122,1.159889578819275,0.1029927134513855,1.2617708444595337,0.33413028717041016,-1.8356715440750122,0.13257279992103577,1.8356715440750122,1.159889578819275,0.13257279992103577,1.6563239097595215,0.9091304540634155,-0.28278225660324097,-0.7055488228797913,1.4591230154037476,0.6083298325538635,-0.9391450881958008,-0.14245736598968506,-0.1523558795452118,-0.19210973381996155,-0.35491102933883667,-0.9858254790306091,-0.28278225660324097]",1,24,0
seed0_llm_weight_blocks,pilot,25,25,model.layers.22.mlp.down_proj.weight,22,17616,422784,0.03791116819025505,block_rms,Uniform scalar 2-bit (gpu),0.23729770371087947,1.037614916509025,8.74450197443366e-05,4.427300882525742e-05,"[-0.5280641913414001,1.5584334135055542,0.7502375245094299,0.32038041949272156,1.1012070178985596,1.1462856531143188,-1.8031460046768188,0.07446027547121048,1.1784847974777222,0.7566773891448975,0.030790328979492188,2.910792827606201,-0.49908506870269775,-0.1569703072309494,-0.37833869457244873,1.4360769987106323,0.1915842741727829,-0.7437977194786072,0.2704719007015228,-0.19802407920360565,0.019621288403868675,-0.4411267936229706,-0.7373579144477844,-0.6987190842628479]","[-1.0,1.0,1.0,0.0,1.0,1.0,-2.0,0.0,1.0,1.0,0.0,1.0,0.0,0.0,0.0,1.0,0.0,-1.0,0.0,0.0,0.0,0.0,-1.0,-1.0]",1,24,0
seed0_llm_weight_blocks,pilot,26,26,model.layers.19.mlp.down_proj.weight,19,94880,2277120,0.026271840470270424,block_rms,QTIP bitshift (gpu),0.18730831869643585,1.2082565568958143,0.008115544012980536,8.647301001474261e-05,"[2.1373586654663086,-0.29969483613967896,-0.3554520308971405,1.0268614292144775,1.3381723165512085,-0.6876718997955322,-0.3926234841346741,1.1987793445587158,-0.16843314468860626,0.8317112922668457,0.8177719712257385,0.8874684572219849,0.8828220367431641,-0.7155504822731018,0.6133289933204651,0.8874684572219849,0.41120919585227966,0.4994913935661316,-2.1094799041748047,-0.14520099759101868,1.5240296125411987,0.3275734484195709,-1.4961509704589844,-0.3415127396583557]","[1.0181772708892822,-0.07350250333547592,0.13257279992103577,1.6563239097595215,0.9091304540634155,-0.2929880917072296,-0.7308942079544067,1.122338056564331,0.0931539535522461,1.159889578819275,0.12270114570856094,1.4591230154037476,0.632066011428833,-0.8944265246391296,0.0931539535522461,1.0516313314437866,-0.034277018159627914,0.33413028717041016,-1.8356715440750122,0.1029927134513855,1.2617708444595337,0.33413028717041016,-1.8356715440750122,0.07350250333547592]",1,24,0
seed0_llm_weight_blocks,pilot,26,26,model.layers.19.mlp.down_proj.weight,19,94880,2277120,0.026271840470270424,block_rms,Uniform scalar 2-bit (gpu),0.14465785008066656,1.3946417359990797,7.776598795317113e-05,4.341200110502541e-05,"[2.1373586654663086,-0.29969483613967896,-0.3554520308971405,1.0268614292144775,1.3381723165512085,-0.6876718997955322,-0.3926234841346741,1.1987793445587158,-0.16843314468860626,0.8317112922668457,0.8177719712257385,0.8874684572219849,0.8828220367431641,-0.7155504822731018,0.6133289933204651,0.8874684572219849,0.41120919585227966,0.4994913935661316,-2.1094799041748047,-0.14520099759101868,1.5240296125411987,0.3275734484195709,-1.4961509704589844,-0.3415127396583557]","[1.0,0.0,0.0,1.0,1.0,-1.0,0.0,1.0,0.0,1.0,1.0,1.0,1.0,-1.0,1.0,1.0,0.0,0.0,-2.0,0.0,1.0,0.0,-1.0,0.0]",1,24,0
seed0_llm_weight_blocks,pilot,26,26,model.layers.19.mlp.down_proj.weight,19,94880,2277120,0.026271840470270424,block_rms,Leech Lattice Vector Quantization (gpu),0.07242450302460358,1.8936891512775507,0.001371947000734508,0.00015062198508530855,"[2.1373586654663086,-0.29969483613967896,-0.3554520308971405,1.0268614292144775,1.3381723165512085,-0.6876718997955322,-0.3926234841346741,1.1987793445587158,-0.16843314468860626,0.8317112922668457,0.8177719712257385,0.8874684572219849,0.8828220367431641,-0.7155504822731018,0.6133289933204651,0.8874684572219849,0.41120919585227966,0.4994913935661316,-2.1094799041748047,-0.14520099759101868,1.5240296125411987,0.3275734484195709,-1.4961509704589844,-0.3415127396583557]","[1.7677669525146484,-0.3535533845424652,-0.3535533845424652,1.0606601238250732,1.7677669525146484,-1.0606601238250732,-0.3535533845424652,1.0606601238250732,0.3535533845424652,1.0606601238250732,0.3535533845424652,1.0606601238250732,1.0606601238250732,-1.0606601238250732,0.3535533845424652,1.0606601238250732,0.3535533845424652,0.3535533845424652,-1.7677669525146484,-0.3535533845424652,1.7677669525146484,0.3535533845424652,-1.0606601238250732,-0.3535533845424652]",1,24,0
seed0_llm_weight_blocks,pilot,27,27,model.layers.2.mlp.down_proj.weight,2,99229,2381496,0.01892618475744724,block_rms,Leech Lattice Vector Quantization (gpu),0.06547349313858639,1.9664726493174178,0.0012270040169823915,0.00014982098946347833,"[-1.1351667642593384,0.08949112892150879,0.2902414798736572,1.3222112655639648,-0.3337777256965637,1.206114649772644,-2.025240659713745,0.29346638917922974,-2.4767274856567383,0.004560217726975679,0.06852924078702927,-0.44503694772720337,1.2383637428283691,0.1943005472421646,-0.3305528163909912,-0.8578248620033264,0.12899622321128845,-0.03587707504630089,-0.2870166003704071,0.4192377030849457,-2.373530387878418,0.4353622496128082,0.3192656338214874,0.4031131863594055]","[-1.0606601238250732,-0.3535533845424652,0.3535533845424652,1.7677669525146484,-0.3535533845424652,1.0606601238250732,-1.7677669525146484,0.3535533845424652,-2.4748737812042236,0.3535533845424652,-0.3535533845424652,-0.3535533845424652,1.0606601238250732,-0.3535533845424652,-0.3535533845424652,-0.3535533845424652,0.3535533845424652,-0.3535533845424652,-0.3535533845424652,0.3535533845424652,-2.4748737812042236,0.3535533845424652,0.3535533845424652,0.3535533845424652]",1,24,0
seed0_llm_weight_blocks,pilot,27,27,model.layers.2.mlp.down_proj.weight,2,99229,2381496,0.01892618475744724,block_rms,QTIP bitshift (gpu),0.10970586175798351,1.594143771020037,0.008287407021271065,8.957801037468016e-05,"[-1.1351667642593384,0.08949112892150879,0.2902414798736572,1.3222112655639648,-0.3337777256965637,1.206114649772644,-2.025240659713745,0.29346638917922974,-2.4767274856567383,0.004560217726975679,0.06852924078702927,-0.44503694772720337,1.2383637428283691,0.1943005472421646,-0.3305528163909912,-0.8578248620033264,0.12899622321128845,-0.03587707504630089,-0.2870166003704071,0.4192377030849457,-2.373530387878418,0.4353622496128082,0.3192656338214874,0.4031131863594055]","[-0.9240337014198303,-0.0931539535522461,0.0931539535522461,1.0516313314437866,-0.024481236934661865,0.35491102933883667,-1.7852624654769897,0.32379430532455444,-1.9533236026763916,-0.18214523792266846,-0.2929880917072296,-0.7437441945075989,0.9544740319252014,-0.19210973381996155,-0.3445020616054535,-0.9391450881958008,-0.13257279992103577,-0.11284144967794418,-0.034277018159627914,0.32379430532455444,-1.8912291526794434,-0.1029927134513855,0.024481236934661865,0.6083298325538635]",1,24,0
seed0_llm_weight_blocks,pilot,27,27,model.layers.2.mlp.down_proj.weight,2,99229,2381496,0.01892618475744724,block_rms,Uniform scalar 2-bit (gpu),0.08244351264639765,1.8002251377706084,8.629198418930173e-05,4.502502270042896e-05,"[-1.1351667642593384,0.08949112892150879,0.2902414798736572,1.3222112655639648,-0.3337777256965637,1.206114649772644,-2.025240659713745,0.29346638917922974,-2.4767274856567383,0.004560217726975679,0.06852924078702927,-0.44503694772720337,1.2383637428283691,0.1943005472421646,-0.3305528163909912,-0.8578248620033264,0.12899622321128845,-0.03587707504630089,-0.2870166003704071,0.4192377030849457,-2.373530387878418,0.4353622496128082,0.3192656338214874,0.4031131863594055]","[-1.0,0.0,0.0,1.0,0.0,1.0,-2.0,0.0,-2.0,0.0,0.0,0.0,1.0,0.0,0.0,-1.0,0.0,0.0,0.0,0.0,-2.0,0.0,0.0,0.0]",1,24,0
seed0_llm_weight_blocks,pilot,28,28,model.layers.25.mlp.down_proj.weight,25,99059,2377416,0.04636710755890525,block_rms,Leech Lattice Vector Quantization (gpu),0.06120765020780105,2.0150720615965465,0.0009408180194441229,0.00015113299014046788,"[-0.30934131145477295,-1.3426728248596191,1.6533305644989014,-1.0162190198898315,1.5796151161193848,-0.6555402874946594,-0.1158384457230568,-0.06417186558246613,-0.0034759759437292814,-0.9161767959594727,-1.4005920886993408,0.634478747844696,-0.6186826229095459,0.7582152485847473,0.6450095176696777,-0.8003383278846741,0.08325888216495514,1.3110805749893188,0.5054768323898315,-1.1267921924591064,-1.537492036819458,-1.9376612901687622,0.29486149549484253,-0.8477268218994141]","[0.0,-1.4142135381698608,1.4142135381698608,-1.4142135381698608,1.4142135381698608,-0.7071067690849304,0.0,0.0,0.0,-0.7071067690849304,-1.4142135381698608,0.7071067690849304,-0.7071067690849304,0.7071067690849304,0.7071067690849304,-0.7071067690849304,0.7071067690849304,0.7071067690849304,0.7071067690849304,-1.4142135381698608,-1.4142135381698608,-2.1213202476501465,0.0,-0.7071067690849304]",1,24,0
seed0_llm_weight_blocks,pilot,28,28,model.layers.25.mlp.down_proj.weight,25,99059,2377416,0.04636710755890525,block_rms,Uniform scalar 2-bit (gpu),0.10314542251678342,1.6386241071725265,8.653200347907841e-05,4.4203014113008976e-05,"[-0.30934131145477295,-1.3426728248596191,1.6533305644989014,-1.0162190198898315,1.5796151161193848,-0.6555402874946594,-0.1158384457230568,-0.06417186558246613,-0.0034759759437292814,-0.9161767959594727,-1.4005920886993408,0.634478747844696,-0.6186826229095459,0.7582152485847473,0.6450095176696777,-0.8003383278846741,0.08325888216495514,1.3110805749893188,0.5054768323898315,-1.1267921924591064,-1.537492036819458,-1.9376612901687622,0.29486149549484253,-0.8477268218994141]","[0.0,-1.0,1.0,-1.0,1.0,-1.0,0.0,0.0,0.0,-1.0,-1.0,1.0,-1.0,1.0,1.0,-1.0,0.0,1.0,1.0,-1.0,-2.0,-2.0,0.0,-1.0]",1,24,0
seed0_llm_weight_blocks,pilot,28,28,model.layers.25.mlp.down_proj.weight,25,99059,2377416,0.04636710755890525,block_rms,QTIP bitshift (gpu),0.1165615476263247,1.5504180369744405,0.008287146018119529,8.682301267981529e-05,"[-0.30934131145477295,-1.3426728248596191,1.6533305644989014,-1.0162190198898315,1.5796151161193848,-0.6555402874946594,-0.1158384457230568,-0.06417186558246613,-0.0034759759437292814,-0.9161767959594727,-1.4005920886993408,0.634478747844696,-0.6186826229095459,0.7582152485847473,0.6450095176696777,-0.8003383278846741,0.08325888216495514,1.3110805749893188,0.5054768323898315,-1.1267921924591064,-1.537492036819458,-1.9376612901687622,0.29486149549484253,-0.8477268218994141]","[-0.505395233631134,-1.6563239097595215,0.6930450797080994,-0.7437441945075989,0.9858254790306091,-0.14245736598968506,-0.14245736598968506,-0.17219878733158112,-0.23216964304447174,-0.505395233631134,-1.6563239097595215,0.7181638479232788,-0.7055488228797913,1.4591230154037476,0.632066011428833,-0.879913330078125,0.12270114570856094,1.4045462608337402,0.49430081248283386,-1.2403559684753418,-1.3297709226608276,-1.6962224245071411,0.5733522176742554,-1.034759521484375]",1,24,0
seed0_llm_weight_blocks,pilot,29,29,model.layers.8.mlp.down_proj.weight,8,46196,1108704,0.026231832847896788,block_rms,QTIP bitshift (gpu),0.14010681185976348,1.417700493697934,0.008023531001526862,8.544098818674684e-05,"[1.2657569646835327,1.470511794090271,-0.09714218974113464,1.7683368921279907,-0.6142644286155701,0.6142644286155701,1.284371018409729,0.7026812434196472,-0.2256956398487091,0.04508095979690552,-0.12157316505908966,1.0051599740982056,0.8934754729270935,-0.44673773646354675,0.8981290459632874,-0.13902385532855988,0.30015191435813904,-0.3048054575920105,-0.43975746631622314,0.6607995629310608,-2.1033902168273926,0.15472948551177979,-1.880021333694458,-1.5821962356567383]","[1.8356715440750122,1.122338056564331,0.07350250333547592,1.0181772708892822,-0.07350250333547592,0.13257279992103577,1.7390198707580566,0.9858254790306091,-0.13257279992103577,-0.07350250333547592,0.12270114570856094,1.5184290409088135,0.6930450797080994,-0.7437441945075989,0.9858254790306091,-0.1523558795452118,-0.18214523792266846,-0.32379430532455444,-0.8236187100410461,0.3653585910797119,-1.7390198707580566,0.4722914695739746,-1.3064303398132324,-1.550199031829834]",1,24,0
seed0_llm_weight_blocks,pilot,29,29,model.layers.8.mlp.down_proj.weight,8,46196,1108704,0.026231832847896788,block_rms,Leech Lattice Vector Quantization (gpu),0.07489915906864991,1.8694533306598897,0.0014714339922647923,0.00015048199566081166,"[1.2657569646835327,1.470511794090271,-0.09714218974113464,1.7683368921279907,-0.6142644286155701,0.6142644286155701,1.284371018409729,0.7026812434196472,-0.2256956398487091,0.04508095979690552,-0.12157316505908966,1.0051599740982056,0.8934754729270935,-0.44673773646354675,0.8981290459632874,-0.13902385532855988,0.30015191435813904,-0.3048054575920105,-0.43975746631622314,0.6607995629310608,-2.1033902168273926,0.15472948551177979,-1.880021333694458,-1.5821962356567383]","[1.0606601238250732,1.7677669525146484,-0.3535533845424652,1.7677669525146484,-0.3535533845424652,1.0606601238250732,1.0606601238250732,0.3535533845424652,-0.3535533845424652,0.3535533845424652,-0.3535533845424652,1.7677669525146484,1.0606601238250732,-0.3535533845424652,1.0606601238250732,-0.3535533845424652,0.3535533845424652,-0.3535533845424652,-0.3535533845424652,0.3535533845424652,-1.7677669525146484,0.3535533845424652,-1.7677669525146484,-1.7677669525146484]",1,24,0
seed0_llm_weight_blocks,pilot,29,29,model.layers.8.mlp.down_proj.weight,8,46196,1108704,0.026231832847896788,block_rms,Uniform scalar 2-bit (gpu),0.0992527949074996,1.6663742269202195,7.761598681099713e-05,4.521501250565052e-05,"[1.2657569646835327,1.470511794090271,-0.09714218974113464,1.7683368921279907,-0.6142644286155701,0.6142644286155701,1.284371018409729,0.7026812434196472,-0.2256956398487091,0.04508095979690552,-0.12157316505908966,1.0051599740982056,0.8934754729270935,-0.44673773646354675,0.8981290459632874,-0.13902385532855988,0.30015191435813904,-0.3048054575920105,-0.43975746631622314,0.6607995629310608,-2.1033902168273926,0.15472948551177979,-1.880021333694458,-1.5821962356567383]","[1.0,1.0,0.0,1.0,-1.0,1.0,1.0,1.0,0.0,0.0,0.0,1.0,1.0,0.0,1.0,0.0,0.0,0.0,0.0,1.0,-2.0,0.0,-2.0,-2.0]",1,24,0
