run_id,phase,block_id,sample_id,method,mse,sqnr_bits,quantize_seconds,dequantize_seconds,original_vector,dequantized_vector,batch_n,dim,seed
seed0_20260703_160416,pilot,0,0,QTIP bitshift (gpu),0.09537072938463072,1.023187458750059,0.007974138999998104,8.671300020068884e-05,"[0.3455841839313507,0.8216181397438049,0.3304370641708374,-1.3031572103500366,0.9053558707237244,0.4463745653629303,-0.5369532108306885,0.581118106842041,0.3645724058151245,0.2941325008869171,0.028422242030501366,0.5467129945755005,-0.7364540696144104,-0.16290995478630066,-0.4821193218231201,0.5988461971282959,0.03972210735082626,-0.2924567461013794,-0.7819084525108337,-0.2571922540664673,0.008142180740833282,-0.27560290694236755,1.2940638065338135,1.0067243576049805]","[0.1029927134513855,1.3064303398132324,0.40756407380104065,-1.5836154222488403,1.5184290409088135,0.6930450797080994,-0.7437441945075989,0.9858254790306091,-0.13257279992103577,-0.1029927134513855,0.024481236934661865,0.5849315524101257,-0.9858254790306091,-0.2929880917072296,-0.7437441945075989,0.9544740319252014,-0.19210973381996155,-0.3445020616054535,-0.9391450881958008,-0.13257279992103577,-0.07350250333547592,0.13257279992103577,1.8356715440750122,1.159889578819275]",1,24,0
seed0_20260703_160416,pilot,0,0,Uniform scalar 2-bit (gpu),0.09286873298444831,1.0423642580304895,7.758499850751832e-05,4.3971998820779845e-05,"[0.3455841839313507,0.8216181397438049,0.3304370641708374,-1.3031572103500366,0.9053558707237244,0.4463745653629303,-0.5369532108306885,0.581118106842041,0.3645724058151245,0.2941325008869171,0.028422242030501366,0.5467129945755005,-0.7364540696144104,-0.16290995478630066,-0.4821193218231201,0.5988461971282959,0.03972210735082626,-0.2924567461013794,-0.7819084525108337,-0.2571922540664673,0.008142180740833282,-0.27560290694236755,1.2940638065338135,1.0067243576049805]","[0.0,1.0,0.0,-1.0,1.0,0.0,-1.0,1.0,0.0,0.0,0.0,1.0,-1.0,0.0,0.0,1.0,0.0,0.0,-1.0,0.0,0.0,0.0,1.0,1.0]",1,24,0
seed0_20260703_160416,pilot,0,0,Leech shells <= 13 exact (gpu),0.05813520957847836,1.3802546360000787,0.0009764040005393326,0.00017771300008462276,"[0.3455841839313507,0.8216181397438049,0.3304370641708374,-1.3031572103500366,0.9053558707237244,0.4463745653629303,-0.5369532108306885,0.581118106842041,0.3645724058151245,0.2941325008869171,0.028422242030501366,0.5467129945755005,-0.7364540696144104,-0.16290995478630066,-0.4821193218231201,0.5988461971282959,0.03972210735082626,-0.2924567461013794,-0.7819084525108337,-0.2571922540664673,0.008142180740833282,-0.27560290694236755,1.2940638065338135,1.0067243576049805]","[0.0,0.7071067690849304,0.0,-1.4142135381698608,1.4142135381698608,0.7071067690849304,-0.7071067690849304,0.7071067690849304,0.7071067690849304,0.0,0.0,0.7071067690849304,-0.7071067690849304,0.0,-0.7071067690849304,0.7071067690849304,0.0,0.0,-0.7071067690849304,0.0,0.0,-0.7071067690849304,1.4142135381698608,0.7071067690849304]",1,24,0
seed0_20260703_160416,pilot,1,1,Uniform scalar 2-bit (gpu),0.18225760760309248,1.3464309915844233,7.773600009386428e-05,4.3491998440003954e-05,"[-2.711162567138672,-1.8890132904052734,-0.17477209866046906,-0.422190397977829,0.21364299952983856,0.21732193231582642,2.1178388595581055,-1.11202073097229,-0.37760502099990845,2.042771577835083,0.6467030048370361,0.6630633473396301,-0.5140063762664795,-1.6480752229690552,0.1674647480249405,0.10901408642530441,-1.2273520231246948,-0.6832266449928284,-0.07204367965459824,-0.9447516202926636,-0.09826996922492981,0.09548302739858627,0.03558623790740967,-0.5062916874885559]","[-2.0,-2.0,0.0,0.0,0.0,0.0,1.0,-1.0,0.0,1.0,1.0,1.0,-1.0,-2.0,0.0,0.0,-1.0,-1.0,0.0,-1.0,0.0,0.0,0.0,-1.0]",1,24,0
seed0_20260703_160416,pilot,1,1,QTIP bitshift (gpu),0.168600176188998,1.4026174872531583,0.008070118999967235,8.697399971424602e-05,"[-2.711162567138672,-1.8890132904052734,-0.17477209866046906,-0.422190397977829,0.21364299952983856,0.21732193231582642,2.1178388595581055,-1.11202073097229,-0.37760502099990845,2.042771577835083,0.6467030048370361,0.6630633473396301,-0.5140063762664795,-1.6480752229690552,0.1674647480249405,0.10901408642530441,-1.2273520231246948,-0.6832266449928284,-0.07204367965459824,-0.9447516202926636,-0.09826996922492981,0.09548302739858627,0.03558623790740967,-0.5062916874885559]","[-2.8856348991394043,-1.8912291526794434,-0.14245736598968506,-0.13257279992103577,-0.0931539535522461,0.06368788331747055,0.9091304540634155,-0.28278225660324097,-0.6806488037109375,2.335232973098755,1.5836154222488403,0.7830567955970764,-0.527773916721344,-1.8356715440750122,0.004895777907222509,0.527773916721344,-1.159889578819275,-0.9858254790306091,-0.3445020616054535,-0.9391450881958008,-0.14245736598968506,-0.17219878733158112,-0.2726057767868042,-0.6440681219100952]",1,24,0
seed0_20260703_160416,pilot,1,1,Leech shells <= 13 exact (gpu),0.06239055324778362,2.119720755365091,0.0013097999999445165,0.00015123399862204678,"[-2.711162567138672,-1.8890132904052734,-0.17477209866046906,-0.422190397977829,0.21364299952983856,0.21732193231582642,2.1178388595581055,-1.11202073097229,-0.37760502099990845,2.042771577835083,0.6467030048370361,0.6630633473396301,-0.5140063762664795,-1.6480752229690552,0.1674647480249405,0.10901408642530441,-1.2273520231246948,-0.6832266449928284,-0.07204367965459824,-0.9447516202926636,-0.09826996922492981,0.09548302739858627,0.03558623790740967,-0.5062916874885559]","[-2.4748737812042236,-1.7677669525146484,0.3535533845424652,-0.3535533845424652,0.3535533845424652,0.3535533845424652,1.7677669525146484,-1.0606601238250732,-0.3535533845424652,1.7677669525146484,0.3535533845424652,0.3535533845424652,-0.3535533845424652,-1.7677669525146484,0.3535533845424652,0.3535533845424652,-1.0606601238250732,-0.3535533845424652,0.3535533845424652,-1.0606601238250732,-0.3535533845424652,0.3535533845424652,0.3535533845424652,-0.3535533845424652]",1,24,0
seed0_20260703_160416,pilot,2,2,QTIP bitshift (gpu),0.08029948653362255,1.4632621409264994,0.008323554999151384,0.00011163000090164132,"[0.5937480926513672,0.8911669254302979,0.3208483159542084,-0.8182302117347717,0.7316522598266602,-0.5014400482177734,0.8791606426239014,-1.0717873573303223,0.9144672155380249,-0.020063454285264015,-1.2487488985061646,-0.3138994574546814,0.054102279245853424,0.27279132604599,-0.9821881055831909,-1.1073729991912842,0.19958452880382538,-0.4667496085166931,0.235505610704422,0.7595195174217224,-1.6487873792648315,0.25438812375068665,1.2246469259262085,-0.29752683639526367]","[0.06368788331747055,0.9091304540634155,-0.3134928345680237,-0.7830567955970764,0.66835618019104,-0.7830567955970764,0.6930450797080994,-0.756718099117279,0.879913330078125,-0.3445020616054535,-0.9240337014198303,-0.1029927134513855,0.004895777907222509,0.527773916721344,-1.159889578819275,-0.9391450881958008,-0.13257279992103577,-0.11284144967794418,-0.034277018159627914,0.33413028717041016,-1.8356715440750122,0.07350250333547592,1.0181772708892822,-0.0931539535522461]",1,24,0
seed0_20260703_160416,pilot,2,2,Leech shells <= 13 exact (gpu),0.06595074897201973,1.6052630004402528,0.0015858690003369702,0.0006030530003044987,"[0.5937480926513672,0.8911669254302979,0.3208483159542084,-0.8182302117347717,0.7316522598266602,-0.5014400482177734,0.8791606426239014,-1.0717873573303223,0.9144672155380249,-0.020063454285264015,-1.2487488985061646,-0.3138994574546814,0.054102279245853424,0.27279132604599,-0.9821881055831909,-1.1073729991912842,0.19958452880382538,-0.4667496085166931,0.235505610704422,0.7595195174217224,-1.6487873792648315,0.25438812375068665,1.2246469259262085,-0.29752683639526367]","[0.7071067690849304,0.7071067690849304,0.0,-0.7071067690849304,0.7071067690849304,-0.7071067690849304,0.7071067690849304,-1.4142135381698608,0.7071067690849304,0.0,-1.4142135381698608,-0.7071067690849304,0.0,0.0,-1.4142135381698608,-1.4142135381698608,0.0,-0.7071067690849304,0.0,0.7071067690849304,-2.1213202476501465,0.0,1.4142135381698608,-0.7071067690849304]",1,24,0
seed0_20260703_160416,pilot,2,2,Uniform scalar 2-bit (gpu),0.06702283120145562,1.5936312069093606,9.281399979954585e-05,4.454400004760828e-05,"[0.5937480926513672,0.8911669254302979,0.3208483159542084,-0.8182302117347717,0.7316522598266602,-0.5014400482177734,0.8791606426239014,-1.0717873573303223,0.9144672155380249,-0.020063454285264015,-1.2487488985061646,-0.3138994574546814,0.054102279245853424,0.27279132604599,-0.9821881055831909,-1.1073729991912842,0.19958452880382538,-0.4667496085166931,0.235505610704422,0.7595195174217224,-1.6487873792648315,0.25438812375068665,1.2246469259262085,-0.29752683639526367]","[1.0,1.0,0.0,-1.0,1.0,-1.0,1.0,-1.0,1.0,0.0,-1.0,0.0,0.0,0.0,-1.0,-1.0,0.0,0.0,0.0,1.0,-2.0,0.0,1.0,0.0]",1,24,0
seed0_20260703_160416,pilot,3,3,Uniform scalar 2-bit (gpu),0.07847175427327548,1.6482503372877586,7.448999895132147e-05,4.3370999264880084e-05,"[-0.8108145594596863,0.7522438168525696,0.2534465193748474,0.8958830833435059,-0.34521570801734924,-1.4818183183670044,-0.11001076549291611,-0.4458281397819519,0.7753238081932068,0.1936328411102295,-1.6308492422103882,-1.1951631307601929,0.8837890625,0.6797650456428528,-0.6402433514595032,-0.0010487965773791075,0.4455735683441162,0.4684043228626251,0.8762422204017639,0.25648564100265503,-0.09482833743095398,-0.25884807109832764,1.055742859840393,-2.250854253768921]","[-1.0,1.0,0.0,1.0,0.0,-1.0,0.0,0.0,1.0,0.0,-2.0,-1.0,1.0,1.0,-1.0,0.0,0.0,0.0,1.0,0.0,0.0,0.0,1.0,-2.0]",1,24,0
seed0_20260703_160416,pilot,3,3,QTIP bitshift (gpu),0.12106430720438686,1.335486223679975,0.008111876999464585,9.597000098438002e-05,"[-0.8108145594596863,0.7522438168525696,0.2534465193748474,0.8958830833435059,-0.34521570801734924,-1.4818183183670044,-0.11001076549291611,-0.4458281397819519,0.7753238081932068,0.1936328411102295,-1.6308492422103882,-1.1951631307601929,0.8837890625,0.6797650456428528,-0.6402433514595032,-0.0010487965773791075,0.4455735683441162,0.4684043228626251,0.8762422204017639,0.25648564100265503,-0.09482833743095398,-0.25884807109832764,1.055742859840393,-2.250854253768921]","[-0.7308942079544067,1.122338056564331,0.06368788331747055,0.879913330078125,-0.35491102933883667,-0.9858254790306091,-0.28278225660324097,-0.7055488228797913,1.353859305381775,0.4722914695739746,-1.3064303398132324,-1.5836154222488403,1.4591230154037476,0.6083298325538635,-0.9391450881958008,-0.13257279992103577,-0.0931539535522461,0.07350250333547592,0.9858254790306091,-0.13257279992103577,-0.11284144967794418,-0.044076092541217804,0.2726057767868042,-2.2065751552581787]",1,24,0
seed0_20260703_160416,pilot,3,3,Leech shells <= 13 exact (gpu),0.07086071793386171,1.7218440224502973,0.0017321929990430363,0.00016363699978683144,"[-0.8108145594596863,0.7522438168525696,0.2534465193748474,0.8958830833435059,-0.34521570801734924,-1.4818183183670044,-0.11001076549291611,-0.4458281397819519,0.7753238081932068,0.1936328411102295,-1.6308492422103882,-1.1951631307601929,0.8837890625,0.6797650456428528,-0.6402433514595032,-0.0010487965773791075,0.4455735683441162,0.4684043228626251,0.8762422204017639,0.25648564100265503,-0.09482833743095398,-0.25884807109832764,1.055742859840393,-2.250854253768921]","[-0.3535533845424652,0.3535533845424652,0.3535533845424652,1.0606601238250732,-0.3535533845424652,-1.0606601238250732,-0.3535533845424652,-1.0606601238250732,1.0606601238250732,0.3535533845424652,-1.7677669525146484,-1.0606601238250732,1.0606601238250732,0.3535533845424652,-0.3535533845424652,0.3535533845424652,0.3535533845424652,0.3535533845424652,1.0606601238250732,0.3535533845424652,-0.3535533845424652,-0.3535533845424652,1.0606601238250732,-2.4748737812042236]",1,24,0
seed0_20260703_160416,pilot,4,4,Uniform scalar 2-bit (gpu),0.09149879947173752,1.3896462894168273,8.526999954483472e-05,4.4333000914775766e-05,"[-0.13865531980991364,0.03300010412931442,-1.4253489971160889,0.3328136205673218,-0.6512809991836548,0.8624448180198669,-0.12559208273887634,0.6691532135009766,1.2188435792922974,0.38292959332466125,-0.8757211565971375,-1.514318585395813,1.7533841133117676,-0.11129219084978104,-0.6885649561882019,0.1442570835351944,-0.1914113312959671,0.8521422743797302,0.03392818197607994,0.013749583624303341,-0.714579701423645,0.4695681035518646,-1.0338667631149292,0.6658894419670105]","[0.0,0.0,-1.0,0.0,-1.0,1.0,0.0,1.0,1.0,0.0,-1.0,-2.0,1.0,0.0,-1.0,0.0,0.0,1.0,0.0,0.0,-1.0,0.0,-1.0,1.0]",1,24,0
seed0_20260703_160416,pilot,4,4,Leech shells <= 13 exact (gpu),0.05890340382053231,1.7073471942247338,0.0014775060008105356,0.00018852399989555124,"[-0.13865531980991364,0.03300010412931442,-1.4253489971160889,0.3328136205673218,-0.6512809991836548,0.8624448180198669,-0.12559208273887634,0.6691532135009766,1.2188435792922974,0.38292959332466125,-0.8757211565971375,-1.514318585395813,1.7533841133117676,-0.11129219084978104,-0.6885649561882019,0.1442570835351944,-0.1914113312959671,0.8521422743797302,0.03392818197607994,0.013749583624303341,-0.714579701423645,0.4695681035518646,-1.0338667631149292,0.6658894419670105]","[0.0,0.0,-1.4142135381698608,0.0,-0.7071067690849304,0.7071067690849304,0.0,0.7071067690849304,0.7071067690849304,0.7071067690849304,-0.7071067690849304,-1.4142135381698608,1.4142135381698608,0.0,-0.7071067690849304,0.7071067690849304,0.0,0.7071067690849304,0.0,0.0,-0.7071067690849304,0.0,-0.7071067690849304,0.7071067690849304]",1,24,0
seed0_20260703_160416,pilot,4,4,QTIP bitshift (gpu),0.08763200611957446,1.4207937534799797,0.008218857999963802,9.448700075154193e-05,"[-0.13865531980991364,0.03300010412931442,-1.4253489971160889,0.3328136205673218,-0.6512809991836548,0.8624448180198669,-0.12559208273887634,0.6691532135009766,1.2188435792922974,0.38292959332466125,-0.8757211565971375,-1.514318585395813,1.7533841133117676,-0.11129219084978104,-0.6885649561882019,0.1442570835351944,-0.1914113312959671,0.8521422743797302,0.03392818197607994,0.013749583624303341,-0.714579701423645,0.4695681035518646,-1.0338667631149292,0.6658894419670105]","[-0.024481236934661865,0.3653585910797119,-1.6563239097595215,0.6930450797080994,-0.7437441945075989,1.0181772708892822,-0.07350250333547592,0.12270114570856094,1.353859305381775,0.4722914695739746,-1.3064303398132324,-1.5836154222488403,1.4591230154037476,0.6083298325538635,-0.9240337014198303,-0.0931539535522461,0.07350250333547592,0.9544740319252014,-0.18214523792266846,-0.3134928345680237,-0.7830567955970764,0.6930450797080994,-0.7308942079544067,1.0516313314437866]",1,24,0
seed0_20260703_160416,pilot,5,5,Uniform scalar 2-bit (gpu),0.19758536646969604,1.2926614466060167,8.653300028527156e-05,4.4473999878391623e-05,"[1.523937463760376,-1.5246859788894653,-2.466229200363159,0.6168787479400635,2.5478978157043457,-1.000924825668335,-1.2506957054138184,0.5889689326286316,-0.840721607208252,-0.506025493144989,-0.348117470741272,0.5320020914077759,-0.40530237555503845,0.277882844209671,-0.17653325200080872,-0.8446711301803589,-0.31982624530792236,-0.95039963722229,0.006514986045658588,-1.1238662004470825,-1.0928943157196045,1.4569618701934814,-0.05318421870470047,-0.053902026265859604]","[1.0,-2.0,-2.0,1.0,1.0,-1.0,-1.0,1.0,-1.0,-1.0,0.0,1.0,0.0,0.0,0.0,-1.0,0.0,-1.0,0.0,-1.0,-1.0,1.0,0.0,0.0]",1,24,0
seed0_20260703_160416,pilot,5,5,Leech shells <= 13 exact (gpu),0.08126223410736151,1.9335710309329874,0.0010288730009051505,0.000256862998867291,"[1.523937463760376,-1.5246859788894653,-2.466229200363159,0.6168787479400635,2.5478978157043457,-1.000924825668335,-1.2506957054138184,0.5889689326286316,-0.840721607208252,-0.506025493144989,-0.348117470741272,0.5320020914077759,-0.40530237555503845,0.277882844209671,-0.17653325200080872,-0.8446711301803589,-0.31982624530792236,-0.95039963722229,0.006514986045658588,-1.1238662004470825,-1.0928943157196045,1.4569618701934814,-0.05318421870470047,-0.053902026265859604]","[1.4142135381698608,-1.4142135381698608,-2.1213202476501465,0.7071067690849304,2.1213202476501465,-0.7071067690849304,-1.4142135381698608,0.7071067690849304,-0.7071067690849304,0.0,-0.7071067690849304,0.0,0.0,0.0,0.0,-0.7071067690849304,0.0,-1.4142135381698608,0.0,-1.4142135381698608,-1.4142135381698608,1.4142135381698608,0.0,0.0]",1,24,0
seed0_20260703_160416,pilot,5,5,QTIP bitshift (gpu),0.26957620124677956,1.0685529287443711,0.008097699999780161,0.00010153100083698519,"[1.523937463760376,-1.5246859788894653,-2.466229200363159,0.6168787479400635,2.5478978157043457,-1.000924825668335,-1.2506957054138184,0.5889689326286316,-0.840721607208252,-0.506025493144989,-0.348117470741272,0.5320020914077759,-0.40530237555503845,0.277882844209671,-0.17653325200080872,-0.8446711301803589,-0.31982624530792236,-0.95039963722229,0.006514986045658588,-1.1238662004470825,-1.0928943157196045,1.4569618701934814,-0.05318421870470047,-0.053902026265859604]","[0.46137264370918274,-1.353859305381775,-1.8356715440750122,0.06368788331747055,0.9091304540634155,-0.3134928345680237,-0.7964315414428711,0.5849315524101257,-0.9858254790306091,-0.2929880917072296,-0.7437441945075989,0.9858254790306091,-0.1523558795452118,-0.19210973381996155,-0.35491102933883667,-0.9858254790306091,-0.35491102933883667,-1.0018702745437622,-0.3863752782344818,-1.104142665863037,-0.7437441945075989,1.0181772708892822,-0.1029927134513855,-0.004895777907222509]",1,24,0
seed0_20260703_160416,pilot,6,6,Uniform scalar 2-bit (gpu),0.1263928853931364,1.3613232316300392,0.00032026099870563485,4.4733998947776854e-05,"[0.5115364193916321,-0.4208570122718811,-0.22853536903858185,0.42514872550964355,0.28241583704948425,-1.1592967510223389,0.8333426117897034,-0.5904349684715271,-1.0560789108276367,-0.9004750847816467,-0.3905453383922577,1.6273002624511719,-1.1755359172821045,0.16007588803768158,-2.137824296951294,-0.001566933118738234,0.8995664119720459,-0.2366633266210556,-0.6293548941612244,0.23151107132434845,0.7001517415046692,0.663657546043396,1.9724738597869873,0.2091674655675888]","[1.0,0.0,0.0,0.0,0.0,-1.0,1.0,-1.0,-1.0,-1.0,0.0,1.0,-1.0,0.0,-2.0,0.0,1.0,0.0,-1.0,0.0,1.0,1.0,1.0,0.0]",1,24,0
seed0_20260703_160416,pilot,6,6,Leech shells <= 13 exact (gpu),0.07297551188263628,1.757538694866493,0.0019376300006115343,0.0001719029987725662,"[0.5115364193916321,-0.4208570122718811,-0.22853536903858185,0.42514872550964355,0.28241583704948425,-1.1592967510223389,0.8333426117897034,-0.5904349684715271,-1.0560789108276367,-0.9004750847816467,-0.3905453383922577,1.6273002624511719,-1.1755359172821045,0.16007588803768158,-2.137824296951294,-0.001566933118738234,0.8995664119720459,-0.2366633266210556,-0.6293548941612244,0.23151107132434845,0.7001517415046692,0.663657546043396,1.9724738597869873,0.2091674655675888]","[0.7071067690849304,0.0,-0.7071067690849304,0.7071067690849304,0.0,-1.4142135381698608,0.7071067690849304,-0.7071067690849304,-1.4142135381698608,-0.7071067690849304,-0.7071067690849304,1.4142135381698608,-1.4142135381698608,0.0,-2.1213202476501465,0.0,0.7071067690849304,0.0,-0.7071067690849304,0.0,0.7071067690849304,0.0,2.1213202476501465,0.0]",1,24,0
seed0_20260703_160416,pilot,6,6,QTIP bitshift (gpu),0.14825037556042578,1.246262980389388,0.008145679999870481,0.00010070900134451222,"[0.5115364193916321,-0.4208570122718811,-0.22853536903858185,0.42514872550964355,0.28241583704948425,-1.1592967510223389,0.8333426117897034,-0.5904349684715271,-1.0560789108276367,-0.9004750847816467,-0.3905453383922577,1.6273002624511719,-1.1755359172821045,0.16007588803768158,-2.137824296951294,-0.001566933118738234,0.8995664119720459,-0.2366633266210556,-0.6293548941612244,0.23151107132434845,0.7001517415046692,0.663657546043396,1.9724738597869873,0.2091674655675888]","[0.9858254790306091,-0.13257279992103577,-0.11284144967794418,-0.024481236934661865,0.3863752782344818,-1.6563239097595215,0.8514286875724792,-0.3969474136829376,-1.1409127712249756,-0.9091304540634155,0.034277018159627914,0.6440681219100952,-0.8374426960945129,0.33413028717041016,-1.8356715440750122,0.06368788331747055,0.879913330078125,-0.33413028717041016,-0.8944265246391296,0.0931539535522461,1.122338056564331,0.0931539535522461,1.122338056564331,0.07350250333547592]",1,24,0
seed0_20260703_160416,pilot,7,7,Uniform scalar 2-bit (gpu),0.215220047643085,1.107340089541928,8.73240005603293e-05,4.5094000597600825e-05,"[-0.5924100875854492,-0.12597918510437012,-0.07249854505062103,0.10873738676309586,-0.030027812346816063,0.1739659458398819,-1.6708500385284424,0.8296289443969727,-0.5747392773628235,-1.1731586456298828,0.6377511620521545,1.3173259496688843,0.4930281639099121,0.16115930676460266,-0.9322202801704407,2.8715672492980957,0.8802586197853088,-1.1392946243286133,-0.7796379327774048,0.08697924762964249,-1.5547311305999756,0.16863040626049042,-0.459071546792984,1.2262705564498901]","[-1.0,0.0,0.0,0.0,0.0,0.0,-2.0,1.0,-1.0,-1.0,1.0,1.0,0.0,0.0,-1.0,1.0,1.0,-1.0,-1.0,0.0,-2.0,0.0,0.0,1.0]",1,24,0
seed0_20260703_160416,pilot,7,7,QTIP bitshift (gpu),0.16212782020030558,1.3116804896613328,0.008088743999906,0.00010030799967353232,"[-0.5924100875854492,-0.12597918510437012,-0.07249854505062103,0.10873738676309586,-0.030027812346816063,0.1739659458398819,-1.6708500385284424,0.8296289443969727,-0.5747392773628235,-1.1731586456298828,0.6377511620521545,1.3173259496688843,0.4930281639099121,0.16115930676460266,-0.9322202801704407,2.8715672492980957,0.8802586197853088,-1.1392946243286133,-0.7796379327774048,0.08697924762964249,-1.5547311305999756,0.16863040626049042,-0.459071546792984,1.2262705564498901]","[-0.14245736598968506,-0.14245736598968506,-0.13257279992103577,-0.11284144967794418,-0.024481236934661865,0.3863752782344818,-1.6563239097595215,0.879913330078125,-0.33413028717041016,-0.879913330078125,0.13257279992103577,1.6563239097595215,0.9091304540634155,-0.28278225660324097,-0.6930450797080994,1.6563239097595215,0.9091304540634155,-0.32379430532455444,-0.8236187100410461,0.3653585910797119,-1.6563239097595215,0.6930450797080994,-0.7437441945075989,0.9858254790306091]",1,24,0
seed0_20260703_160416,pilot,7,7,Leech shells <= 13 exact (gpu),0.0805945654186696,1.8158690924847365,0.0015352339996752562,0.00019577800048864447,"[-0.5924100875854492,-0.12597918510437012,-0.07249854505062103,0.10873738676309586,-0.030027812346816063,0.1739659458398819,-1.6708500385284424,0.8296289443969727,-0.5747392773628235,-1.1731586456298828,0.6377511620521545,1.3173259496688843,0.4930281639099121,0.16115930676460266,-0.9322202801704407,2.8715672492980957,0.8802586197853088,-1.1392946243286133,-0.7796379327774048,0.08697924762964249,-1.5547311305999756,0.16863040626049042,-0.459071546792984,1.2262705564498901]","[-0.3535533845424652,-0.3535533845424652,-0.3535533845424652,0.3535533845424652,-0.3535533845424652,0.3535533845424652,-1.7677669525146484,1.0606601238250732,-1.0606601238250732,-1.0606601238250732,1.0606601238250732,1.0606601238250732,0.3535533845424652,0.3535533845424652,-0.3535533845424652,3.1819803714752197,1.0606601238250732,-1.0606601238250732,-1.0606601238250732,0.3535533845424652,-1.0606601238250732,0.3535533845424652,-0.3535533845424652,1.0606601238250732]",1,24,0
seed0_20260703_160416,pilot,8,8,QTIP bitshift (gpu),0.234978647153679,1.2360057633836237,0.008101356999759446,0.00010481699973752256,"[0.9621546864509583,-2.711285352706909,0.04170258715748787,-1.6174675226211548,1.109637975692749,0.1681058704853058,0.5484054684638977,-1.065124750137329,1.8284302949905396,2.020073413848877,-1.064771056175232,0.3728151321411133,-0.673302412033081,-0.02356993593275547,-1.265636920928955,1.8671455383300781,-0.9691795110702515,-0.29608380794525146,0.5014829039573669,-0.6475606560707092,-0.23931242525577545,-0.5636398196220398,-0.13346076011657715,-1.170542597770691]","[0.2929880917072296,-2.1065540313720703,-0.49430081248283386,-1.6189000606536865,1.0863057374954224,0.034277018159627914,0.7181638479232788,-0.7055488228797913,1.5184290409088135,0.66835618019104,-0.7830567955970764,0.6440681219100952,-0.8236187100410461,0.3863752782344818,-1.6189000606536865,1.0181772708892822,-0.1029927134513855,0.024481236934661865,0.6083298325538635,-0.9391450881958008,-0.1523558795452118,-0.18214523792266846,-0.32379430532455444,-0.8374426960945129]",1,24,0
seed0_20260703_160416,pilot,8,8,Leech shells <= 13 exact (gpu),0.08555651360718154,1.9647957950829669,0.0015366269999503857,0.00026945600075123366,"[0.9621546864509583,-2.711285352706909,0.04170258715748787,-1.6174675226211548,1.109637975692749,0.1681058704853058,0.5484054684638977,-1.065124750137329,1.8284302949905396,2.020073413848877,-1.064771056175232,0.3728151321411133,-0.673302412033081,-0.02356993593275547,-1.265636920928955,1.8671455383300781,-0.9691795110702515,-0.29608380794525146,0.5014829039573669,-0.6475606560707092,-0.23931242525577545,-0.5636398196220398,-0.13346076011657715,-1.170542597770691]","[1.0606601238250732,-2.4748737812042236,-0.3535533845424652,-1.0606601238250732,1.0606601238250732,-0.3535533845424652,0.3535533845424652,-1.0606601238250732,1.7677669525146484,1.7677669525146484,-1.0606601238250732,0.3535533845424652,-0.3535533845424652,-0.3535533845424652,-1.0606601238250732,1.0606601238250732,-1.0606601238250732,-0.3535533845424652,0.3535533845424652,-0.3535533845424652,-0.3535533845424652,-0.3535533845424652,-0.3535533845424652,-1.0606601238250732]",1,24,0
seed0_20260703_160416,pilot,8,8,Uniform scalar 2-bit (gpu),0.18581824592941767,1.4053245097311924,9.256299927073997e-05,0.0005754110006819246,"[0.9621546864509583,-2.711285352706909,0.04170258715748787,-1.6174675226211548,1.109637975692749,0.1681058704853058,0.5484054684638977,-1.065124750137329,1.8284302949905396,2.020073413848877,-1.064771056175232,0.3728151321411133,-0.673302412033081,-0.02356993593275547,-1.265636920928955,1.8671455383300781,-0.9691795110702515,-0.29608380794525146,0.5014829039573669,-0.6475606560707092,-0.23931242525577545,-0.5636398196220398,-0.13346076011657715,-1.170542597770691]","[1.0,-2.0,0.0,-2.0,1.0,0.0,1.0,-1.0,1.0,1.0,-1.0,0.0,-1.0,0.0,-1.0,1.0,-1.0,0.0,1.0,-1.0,0.0,-1.0,0.0,-1.0]",1,24,0
seed0_20260703_160416,pilot,9,9,QTIP bitshift (gpu),0.061422630815734534,1.6587071561840578,0.008255487000496942,9.22840008570347e-05,"[-0.4379880726337433,-0.2068929225206375,-0.33372601866722107,0.05668995529413223,-0.2931022047996521,0.7532113790512085,-0.3231959342956543,-0.13664959371089935,-0.6647813320159912,-0.5265148282051086,-1.2644927501678467,0.5187849402427673,-1.1425180435180664,-0.7458564043045044,0.3592446446418762,0.4025733768939972,-0.4001147449016571,-2.01926589012146,0.4205133020877838,0.2595634460449219,-1.4123811721801758,0.7703220844268799,-0.7010998129844666,-1.1261881589889526]","[-0.14245736598968506,-0.14245736598968506,-0.13257279992103577,-0.0931539535522461,0.07350250333547592,0.9544740319252014,-0.19210973381996155,-0.37584614753723145,-1.034759521484375,-0.505395233631134,-1.6962224245071411,0.527773916721344,-1.1409127712249756,-0.8944265246391296,0.044076092541217804,0.7830567955970764,-0.527773916721344,-1.8912291526794434,-0.024481236934661865,0.3863752782344818,-1.6563239097595215,0.879913330078125,-0.3445020616054535,-0.9391450881958008]",1,24,0
seed0_20260703_160416,pilot,9,9,Leech shells <= 13 exact (gpu),0.06871781349356028,1.5777502429927721,0.0016854759996931534,0.00019651900038297754,"[-0.4379880726337433,-0.2068929225206375,-0.33372601866722107,0.05668995529413223,-0.2931022047996521,0.7532113790512085,-0.3231959342956543,-0.13664959371089935,-0.6647813320159912,-0.5265148282051086,-1.2644927501678467,0.5187849402427673,-1.1425180435180664,-0.7458564043045044,0.3592446446418762,0.4025733768939972,-0.4001147449016571,-2.01926589012146,0.4205133020877838,0.2595634460449219,-1.4123811721801758,0.7703220844268799,-0.7010998129844666,-1.1261881589889526]","[-0.7071067690849304,0.0,0.0,0.0,-0.7071067690849304,0.7071067690849304,0.0,0.0,-0.7071067690849304,-0.7071067690849304,-1.4142135381698608,0.0,-1.4142135381698608,-0.7071067690849304,0.0,0.7071067690849304,0.0,-2.1213202476501465,0.7071067690849304,0.0,-1.4142135381698608,0.7071067690849304,-0.7071067690849304,-0.7071067690849304]",1,24,0
seed0_20260703_160416,pilot,9,9,Uniform scalar 2-bit (gpu),0.09858401466979998,1.317415442529747,8.620199878350832e-05,4.350200106273405e-05,"[-0.4379880726337433,-0.2068929225206375,-0.33372601866722107,0.05668995529413223,-0.2931022047996521,0.7532113790512085,-0.3231959342956543,-0.13664959371089935,-0.6647813320159912,-0.5265148282051086,-1.2644927501678467,0.5187849402427673,-1.1425180435180664,-0.7458564043045044,0.3592446446418762,0.4025733768939972,-0.4001147449016571,-2.01926589012146,0.4205133020877838,0.2595634460449219,-1.4123811721801758,0.7703220844268799,-0.7010998129844666,-1.1261881589889526]","[0.0,0.0,0.0,0.0,0.0,1.0,0.0,0.0,-1.0,-1.0,-1.0,1.0,-1.0,-1.0,0.0,0.0,0.0,-2.0,0.0,0.0,-1.0,1.0,-1.0,-1.0]",1,24,0
seed0_20260703_160416,pilot,10,10,Uniform scalar 2-bit (gpu),0.11277243191950587,1.3260771835073906,7.665399971301667e-05,4.276000072422903e-05,"[0.09573071449995041,-0.1784704327583313,0.20262400805950165,-1.6057480573654175,1.812230110168457,-0.6026586294174194,-1.5396592617034912,0.6188421845436096,-0.354804128408432,0.32485848665237427,-0.33960843086242676,-0.05974036082625389,0.2457728385925293,-0.7466529011726379,0.678739607334137,-0.46990010142326355,-0.8696871399879456,0.0770324245095253,0.4450412690639496,-0.22907933592796326,-0.8625198006629944,0.6197855472564697,-1.760328769683838,-1.0308641195297241]","[0.0,0.0,0.0,-2.0,1.0,-1.0,-2.0,1.0,0.0,0.0,0.0,0.0,0.0,-1.0,1.0,0.0,-1.0,0.0,0.0,0.0,-1.0,1.0,-2.0,-1.0]",1,24,0
seed0_20260703_160416,pilot,10,10,Leech shells <= 13 exact (gpu),0.0631721315069933,1.7441043217800172,0.0011678440005198354,0.00015465999968000688,"[0.09573071449995041,-0.1784704327583313,0.20262400805950165,-1.6057480573654175,1.812230110168457,-0.6026586294174194,-1.5396592617034912,0.6188421845436096,-0.354804128408432,0.32485848665237427,-0.33960843086242676,-0.05974036082625389,0.2457728385925293,-0.7466529011726379,0.678739607334137,-0.46990010142326355,-0.8696871399879456,0.0770324245095253,0.4450412690639496,-0.22907933592796326,-0.8625198006629944,0.6197855472564697,-1.760328769683838,-1.0308641195297241]","[0.3535533845424652,-0.3535533845424652,0.3535533845424652,-1.7677669525146484,1.0606601238250732,-0.3535533845424652,-1.7677669525146484,0.3535533845424652,-0.3535533845424652,0.3535533845424652,-0.3535533845424652,-0.3535533845424652,0.3535533845424652,-0.3535533845424652,0.3535533845424652,-0.3535533845424652,-1.0606601238250732,0.3535533845424652,0.3535533845424652,-0.3535533845424652,-1.0606601238250732,0.3535533845424652,-1.7677669525146484,-1.0606601238250732]",1,24,0
seed0_20260703_160416,pilot,10,10,QTIP bitshift (gpu),0.1018951086131867,1.3992420011093458,0.008426218000749941,9.621100070944522e-05,"[0.09573071449995041,-0.1784704327583313,0.20262400805950165,-1.6057480573654175,1.812230110168457,-0.6026586294174194,-1.5396592617034912,0.6188421845436096,-0.354804128408432,0.32485848665237427,-0.33960843086242676,-0.05974036082625389,0.2457728385925293,-0.7466529011726379,0.678739607334137,-0.46990010142326355,-0.8696871399879456,0.0770324245095253,0.4450412690639496,-0.22907933592796326,-0.8625198006629944,0.6197855472564697,-1.760328769683838,-1.0308641195297241]","[-0.11284144967794418,-0.024481236934661865,0.3863752782344818,-1.6563239097595215,0.8099502921104431,-0.49430081248283386,-1.6189000606536865,0.9858254790306091,-0.14245736598968506,-0.13257279992103577,-0.1029927134513855,0.034277018159627914,0.6930450797080994,-0.756718099117279,0.879913330078125,-0.33413028717041016,-0.8944265246391296,0.06368788331747055,0.9091304540634155,-0.3134928345680237,-0.8099502921104431,0.527773916721344,-1.159889578819275,-0.9240337014198303]",1,24,0
seed0_20260703_160416,pilot,11,11,Uniform scalar 2-bit (gpu),0.26170754442071714,1.071486515375173,9.197300096275285e-05,4.3481000830070116e-05,"[0.039522890001535416,-1.3610594272613525,0.027994263917207718,-0.05486311763525009,0.8987398147583008,-0.9147903323173523,-0.6259065270423889,0.3331816792488098,-2.457563638687134,3.1000423431396484,-0.6986507177352905,-0.729835033416748,0.861127495765686,-0.039831843227148056,-1.7794286012649536,0.626927375793457,0.8553778529167175,-0.4499462842941284,-0.28160035610198975,0.48598459362983704,-0.9087802767753601,0.43838855624198914,0.19929851591587067,-0.674932599067688]","[0.0,-1.0,0.0,0.0,1.0,-1.0,-1.0,0.0,-2.0,1.0,-1.0,-1.0,1.0,0.0,-2.0,1.0,1.0,0.0,0.0,0.0,-1.0,0.0,0.0,-1.0]",1,24,0
seed0_20260703_160416,pilot,11,11,QTIP bitshift (gpu),0.2916005578036959,0.9934675329397821,0.008042846999160247,9.42269998631673e-05,"[0.039522890001535416,-1.3610594272613525,0.027994263917207718,-0.05486311763525009,0.8987398147583008,-0.9147903323173523,-0.6259065270423889,0.3331816792488098,-2.457563638687134,3.1000423431396484,-0.6986507177352905,-0.729835033416748,0.861127495765686,-0.039831843227148056,-1.7794286012649536,0.626927375793457,0.8553778529167175,-0.4499462842941284,-0.28160035610198975,0.48598459362983704,-0.9087802767753601,0.43838855624198914,0.19929851591587067,-0.674932599067688]","[0.32379430532455444,-1.8912291526794434,-0.1029927134513855,0.004895777907222509,0.5504201054573059,-1.122338056564331,-0.8236187100410461,0.40756407380104065,-1.5836154222488403,1.5184290409088135,0.6930450797080994,-0.7698206901550293,0.7830567955970764,-0.527773916721344,-1.8356715440750122,0.07350250333547592,1.0181772708892822,-0.1029927134513855,0.024481236934661865,0.632066011428833,-0.9091304540634155,0.034277018159627914,0.6440681219100952,-0.8374426960945129]",1,24,0
seed0_20260703_160416,pilot,11,11,Leech shells <= 13 exact (gpu),0.07292799995950298,1.9931919056279677,0.0010151169990422204,0.00019964499915658962,"[0.039522890001535416,-1.3610594272613525,0.027994263917207718,-0.05486311763525009,0.8987398147583008,-0.9147903323173523,-0.6259065270423889,0.3331816792488098,-2.457563638687134,3.1000423431396484,-0.6986507177352905,-0.729835033416748,0.861127495765686,-0.039831843227148056,-1.7794286012649536,0.626927375793457,0.8553778529167175,-0.4499462842941284,-0.28160035610198975,0.48598459362983704,-0.9087802767753601,0.43838855624198914,0.19929851591587067,-0.674932599067688]","[0.0,-1.4142135381698608,0.0,0.0,1.4142135381698608,-1.4142135381698608,-0.7071067690849304,0.7071067690849304,-2.1213202476501465,2.8284270763397217,-0.7071067690849304,-0.7071067690849304,0.7071067690849304,0.0,-1.4142135381698608,0.7071067690849304,0.7071067690849304,0.0,-0.7071067690849304,0.7071067690849304,-0.7071067690849304,0.0,0.0,-0.7071067690849304]",1,24,0
seed0_20260703_160416,pilot,12,12,Leech shells <= 13 exact (gpu),0.07046108373978895,1.5867868591862908,0.0010930930002359673,0.00016803600010462105,"[-1.3921018838882446,-0.2256058305501938,-0.8754222393035889,1.0014102458953857,0.1440853625535965,0.7820845246315002,0.13462193310260773,0.2629011273384094,-0.7829989194869995,0.6680474281311035,1.784698247909546,-0.3096875548362732,-0.592774510383606,-0.1578367054462433,-0.48128029704093933,-0.7014793157577515,0.13819363713264465,-0.2909175455570221,1.4388736486434937,0.00020164294983260334,0.32391196489334106,0.9520218968391418,-0.3007558584213257,1.4367365837097168]","[-1.4142135381698608,0.0,-0.7071067690849304,1.4142135381698608,0.7071067690849304,0.7071067690849304,0.0,0.0,-0.7071067690849304,0.7071067690849304,2.1213202476501465,0.0,-0.7071067690849304,-0.7071067690849304,-0.7071067690849304,-0.7071067690849304,0.0,-0.7071067690849304,1.4142135381698608,0.0,0.0,0.7071067690849304,0.0,1.4142135381698608]",1,24,0
seed0_20260703_160416,pilot,12,12,Uniform scalar 2-bit (gpu),0.10170148988509094,1.3220657369436621,0.0009427110016986262,4.946199987898581e-05,"[-1.3921018838882446,-0.2256058305501938,-0.8754222393035889,1.0014102458953857,0.1440853625535965,0.7820845246315002,0.13462193310260773,0.2629011273384094,-0.7829989194869995,0.6680474281311035,1.784698247909546,-0.3096875548362732,-0.592774510383606,-0.1578367054462433,-0.48128029704093933,-0.7014793157577515,0.13819363713264465,-0.2909175455570221,1.4388736486434937,0.00020164294983260334,0.32391196489334106,0.9520218968391418,-0.3007558584213257,1.4367365837097168]","[-1.0,0.0,-1.0,1.0,0.0,1.0,0.0,0.0,-1.0,1.0,1.0,0.0,-1.0,0.0,0.0,-1.0,0.0,0.0,1.0,0.0,0.0,1.0,0.0,1.0]",1,24,0
seed0_20260703_160416,pilot,12,12,QTIP bitshift (gpu),0.125782214930134,1.168772171214499,0.008228286000303342,0.00010975599980156403,"[-1.3921018838882446,-0.2256058305501938,-0.8754222393035889,1.0014102458953857,0.1440853625535965,0.7820845246315002,0.13462193310260773,0.2629011273384094,-0.7829989194869995,0.6680474281311035,1.784698247909546,-0.3096875548362732,-0.592774510383606,-0.1578367054462433,-0.48128029704093933,-0.7014793157577515,0.13819363713264465,-0.2909175455570221,1.4388736486434937,0.00020164294983260334,0.32391196489334106,0.9520218968391418,-0.3007558584213257,1.4367365837097168]","[-0.9858254790306091,-0.2929880917072296,-0.7308942079544067,1.122338056564331,0.0931539535522461,1.0863057374954224,0.024481236934661865,0.632066011428833,-0.8944265246391296,0.07350250333547592,0.9858254790306091,-0.14245736598968506,-0.1523558795452118,-0.19210973381996155,-0.3445020616054535,-0.9240337014198303,-0.0931539535522461,0.07350250333547592,1.0181772708892822,-0.0931539535522461,0.0931539535522461,1.0863057374954224,0.024481236934661865,0.5849315524101257]",1,24,0
seed0_20260703_160416,pilot,13,13,Uniform scalar 2-bit (gpu),0.07714178495623254,1.5628885983298935,9.113200030697044e-05,4.449299922271166e-05,"[-0.6326941847801208,-0.8083276748657227,-0.36626702547073364,-0.11471739411354065,-1.4013181924819946,-0.03509478271007538,-1.667486548423767,1.3921383619308472,-0.08099695295095444,-0.641957700252533,-0.9083381295204163,-0.384430468082428,-0.22307947278022766,-1.0445109605789185,-0.9197950959205627,-0.18717500567436218,-0.5207837224006653,0.9392130970954895,1.13787043094635,0.016021203249692917,0.4735995829105377,-1.335188388824463,0.637417733669281,-0.030583469197154045]","[-1.0,-1.0,0.0,0.0,-1.0,0.0,-2.0,1.0,0.0,-1.0,-1.0,0.0,0.0,-1.0,-1.0,0.0,-1.0,1.0,1.0,0.0,0.0,-1.0,1.0,0.0]",1,24,0
seed0_20260703_160416,pilot,13,13,QTIP bitshift (gpu),0.08287000081415617,1.5112198943349704,0.008090497998637147,9.213299927068874e-05,"[-0.6326941847801208,-0.8083276748657227,-0.36626702547073364,-0.11471739411354065,-1.4013181924819946,-0.03509478271007538,-1.667486548423767,1.3921383619308472,-0.08099695295095444,-0.641957700252533,-0.9083381295204163,-0.384430468082428,-0.22307947278022766,-1.0445109605789185,-0.9197950959205627,-0.18717500567436218,-0.5207837224006653,0.9392130970954895,1.13787043094635,0.016021203249692917,0.4735995829105377,-1.335188388824463,0.637417733669281,-0.030583469197154045]","[-0.3445020616054535,-0.9544740319252014,-0.19210973381996155,-0.37584614753723145,-1.034759521484375,-0.49430081248283386,-1.6189000606536865,0.9544740319252014,-0.19210973381996155,-0.3445020616054535,-0.9544740319252014,-0.2120971381664276,-0.3969474136829376,-1.159889578819275,-0.9858254790306091,-0.28278225660324097,-0.6930450797080994,1.8356715440750122,1.0516313314437866,-0.024481236934661865,0.3863752782344818,-1.6189000606536865,0.9544740319252014,-0.19210973381996155]",1,24,0
seed0_20260703_160416,pilot,13,13,Leech shells <= 13 exact (gpu),0.07300281010145522,1.6026688631059742,0.0012078679992555408,0.0002029209990723757,"[-0.6326941847801208,-0.8083276748657227,-0.36626702547073364,-0.11471739411354065,-1.4013181924819946,-0.03509478271007538,-1.667486548423767,1.3921383619308472,-0.08099695295095444,-0.641957700252533,-0.9083381295204163,-0.384430468082428,-0.22307947278022766,-1.0445109605789185,-0.9197950959205627,-0.18717500567436218,-0.5207837224006653,0.9392130970954895,1.13787043094635,0.016021203249692917,0.4735995829105377,-1.335188388824463,0.637417733669281,-0.030583469197154045]","[-1.0606601238250732,-1.0606601238250732,-0.3535533845424652,0.3535533845424652,-1.0606601238250732,-0.3535533845424652,-1.7677669525146484,1.0606601238250732,-0.3535533845424652,-0.3535533845424652,-1.0606601238250732,-0.3535533845424652,-0.3535533845424652,-1.0606601238250732,-1.0606601238250732,0.3535533845424652,-0.3535533845424652,1.0606601238250732,1.0606601238250732,0.3535533845424652,0.3535533845424652,-1.0606601238250732,0.3535533845424652,-0.3535533845424652]",1,24,0
seed0_20260703_160416,pilot,14,14,Leech shells <= 13 exact (gpu),0.06598621108572651,1.8544705467947469,0.0013786190011160215,0.00026164100017922465,"[0.4846683144569397,1.600356101989746,-2.280857801437378,0.26094818115234375,-1.0991190671920776,0.5921967029571533,-1.3133134841918945,-0.4953995645046234,0.20273375511169434,0.6135093569755554,0.07479409128427505,-0.7928309440612793,-0.5535322427749634,0.8845028877258301,-0.005499615799635649,-1.6838144063949585,0.843662679195404,0.41624847054481506,0.8734155297279358,-0.33662745356559753,0.8281565308570862,-1.0610649585723877,0.5699998140335083,-0.49038031697273254]","[0.3535533845424652,1.7677669525146484,-2.4748737812042236,0.3535533845424652,-1.0606601238250732,1.0606601238250732,-1.0606601238250732,-1.0606601238250732,0.3535533845424652,0.3535533845424652,0.3535533845424652,-1.0606601238250732,-0.3535533845424652,1.0606601238250732,0.3535533845424652,-1.7677669525146484,1.0606601238250732,0.3535533845424652,0.3535533845424652,-0.3535533845424652,1.0606601238250732,-1.0606601238250732,0.3535533845424652,-0.3535533845424652]",1,24,0
seed0_20260703_160416,pilot,14,14,Uniform scalar 2-bit (gpu),0.10830682464709733,1.4970267132226471,8.864700066624209e-05,4.383300074550789e-05,"[0.4846683144569397,1.600356101989746,-2.280857801437378,0.26094818115234375,-1.0991190671920776,0.5921967029571533,-1.3133134841918945,-0.4953995645046234,0.20273375511169434,0.6135093569755554,0.07479409128427505,-0.7928309440612793,-0.5535322427749634,0.8845028877258301,-0.005499615799635649,-1.6838144063949585,0.843662679195404,0.41624847054481506,0.8734155297279358,-0.33662745356559753,0.8281565308570862,-1.0610649585723877,0.5699998140335083,-0.49038031697273254]","[0.0,1.0,-2.0,0.0,-1.0,1.0,-1.0,0.0,0.0,1.0,0.0,-1.0,-1.0,1.0,0.0,-2.0,1.0,0.0,1.0,0.0,1.0,-1.0,1.0,0.0]",1,24,0
seed0_20260703_160416,pilot,14,14,QTIP bitshift (gpu),0.16460904352443165,1.1950669904154683,0.008520014000168885,9.500799933448434e-05,"[0.4846683144569397,1.600356101989746,-2.280857801437378,0.26094818115234375,-1.0991190671920776,0.5921967029571533,-1.3133134841918945,-0.4953995645046234,0.20273375511169434,0.6135093569755554,0.07479409128427505,-0.7928309440612793,-0.5535322427749634,0.8845028877258301,-0.005499615799635649,-1.6838144063949585,0.843662679195404,0.41624847054481506,0.8734155297279358,-0.33662745356559753,0.8281565308570862,-1.0610649585723877,0.5699998140335083,-0.49038031697273254]","[-0.024481236934661865,0.3653585910797119,-1.6563239097595215,0.66835618019104,-0.8099502921104431,0.527773916721344,-1.1409127712249756,-0.8944265246391296,0.06368788331747055,0.8514286875724792,-0.3863752782344818,-1.104142665863037,-0.7698206901550293,0.8099502921104431,-0.49430081248283386,-1.6189000606536865,1.122338056564331,0.0931539535522461,1.0863057374954224,0.034277018159627914,0.66835618019104,-0.7964315414428711,0.632066011428833,-0.9240337014198303]",1,24,0
seed0_20260703_160416,pilot,15,15,Uniform scalar 2-bit (gpu),0.13823622536102628,1.4333266942999052,8.434799929091241e-05,4.3341000491636805e-05,"[0.674351692199707,1.0056440830230713,-0.7359901666641235,-0.051229480654001236,0.03895462676882744,1.1896648406982422,0.7105581164360046,-1.2192775011062622,0.45760825276374817,0.7450892329216003,2.1238059997558594,-1.6791491508483887,-0.536352276802063,1.3333711624145508,-1.3550703525543213,-1.1994606256484985,0.5170822143554688,1.0184086561203003,-0.6686804890632629,0.540127158164978,0.11695527285337448,1.5187489986419678,-0.0015184397343546152,0.9902473092079163]","[1.0,1.0,-1.0,0.0,0.0,1.0,1.0,-1.0,0.0,1.0,1.0,-2.0,-1.0,1.0,-1.0,-1.0,1.0,1.0,-1.0,1.0,0.0,1.0,0.0,1.0]",1,24,0
seed0_20260703_160416,pilot,15,15,Leech shells <= 13 exact (gpu),0.06576865645891368,1.9691585070182454,0.001610033999895677,0.00017780400048650336,"[0.674351692199707,1.0056440830230713,-0.7359901666641235,-0.051229480654001236,0.03895462676882744,1.1896648406982422,0.7105581164360046,-1.2192775011062622,0.45760825276374817,0.7450892329216003,2.1238059997558594,-1.6791491508483887,-0.536352276802063,1.3333711624145508,-1.3550703525543213,-1.1994606256484985,0.5170822143554688,1.0184086561203003,-0.6686804890632629,0.540127158164978,0.11695527285337448,1.5187489986419678,-0.0015184397343546152,0.9902473092079163]","[0.0,0.7071067690849304,-0.7071067690849304,0.0,0.0,1.4142135381698608,0.7071067690849304,-1.4142135381698608,0.7071067690849304,0.7071067690849304,2.1213202476501465,-1.4142135381698608,0.0,1.4142135381698608,-1.4142135381698608,-0.7071067690849304,0.7071067690849304,0.7071067690849304,-0.7071067690849304,0.7071067690849304,0.0,1.4142135381698608,0.0,0.7071067690849304]",1,24,0
seed0_20260703_160416,pilot,15,15,QTIP bitshift (gpu),0.24507989077847148,1.0202685022254545,0.008051553999393946,8.898700070858467e-05,"[0.674351692199707,1.0056440830230713,-0.7359901666641235,-0.051229480654001236,0.03895462676882744,1.1896648406982422,0.7105581164360046,-1.2192775011062622,0.45760825276374817,0.7450892329216003,2.1238059997558594,-1.6791491508483887,-0.536352276802063,1.3333711624145508,-1.3550703525543213,-1.1994606256484985,0.5170822143554688,1.0184086561203003,-0.6686804890632629,0.540127158164978,0.11695527285337448,1.5187489986419678,-0.0015184397343546152,0.9902473092079163]","[0.024481236934661865,0.6083298325538635,-0.9240337014198303,-0.07350250333547592,0.12270114570856094,1.4591230154037476,0.632066011428833,-0.879913330078125,0.12270114570856094,1.4045462608337402,0.5504201054573059,-1.104142665863037,-0.8099502921104431,0.527773916721344,-1.1409127712249756,-0.9091304540634155,0.034277018159627914,0.6930450797080994,-0.7308942079544067,1.122338056564331,0.0931539535522461,1.122338056564331,0.0931539535522461,1.0863057374954224]",1,24,0
seed0_20260703_160416,pilot,16,16,Leech shells <= 13 exact (gpu),0.07150288448288807,1.7255079249667533,0.001204792999487836,0.00015508099932048935,"[-0.903117835521698,-0.1848788559436798,-0.09670445322990417,1.1391079425811768,0.5796130299568176,-0.7517531514167786,0.6819677352905273,0.7706312537193298,-0.11164572089910507,-0.2576623260974884,-0.19380325078964233,-1.6949924230575562,0.1887430101633072,0.23457792401313782,-0.8655285239219666,0.74244624376297,-1.3729668855667114,-0.5518128275871277,-0.47521907091140747,1.987509846687317,-1.5991840362548828,0.5626302361488342,0.942123293876648,0.3777255713939667]","[-1.4142135381698608,0.0,0.0,1.4142135381698608,0.7071067690849304,-0.7071067690849304,0.7071067690849304,0.7071067690849304,0.0,-0.7071067690849304,0.0,-1.4142135381698608,0.0,0.0,-1.4142135381698608,0.7071067690849304,-1.4142135381698608,-0.7071067690849304,-0.7071067690849304,2.1213202476501465,-2.1213202476501465,0.7071067690849304,0.7071067690849304,0.0]",1,24,0
seed0_20260703_160416,pilot,16,16,QTIP bitshift (gpu),0.17326298178091015,1.0870628733992465,0.008223496999562485,8.869599878380541e-05,"[-0.903117835521698,-0.1848788559436798,-0.09670445322990417,1.1391079425811768,0.5796130299568176,-0.7517531514167786,0.6819677352905273,0.7706312537193298,-0.11164572089910507,-0.2576623260974884,-0.19380325078964233,-1.6949924230575562,0.1887430101633072,0.23457792401313782,-0.8655285239219666,0.74244624376297,-1.3729668855667114,-0.5518128275871277,-0.47521907091140747,1.987509846687317,-1.5991840362548828,0.5626302361488342,0.942123293876648,0.3777255713939667]","[-0.9240337014198303,-0.07350250333547592,0.12270114570856094,1.4591230154037476,0.632066011428833,-0.8944265246391296,0.07350250333547592,0.9858254790306091,-0.17219878733158112,-0.24224059283733368,-0.527773916721344,-1.8356715440750122,0.034277018159627914,0.66835618019104,-0.7964315414428711,0.5849315524101257,-0.9858254790306091,-0.3134928345680237,-0.7964315414428711,0.632066011428833,-0.879913330078125,0.12270114570856094,1.4591230154037476,0.6083298325538635]",1,24,0
seed0_20260703_160416,pilot,16,16,Uniform scalar 2-bit (gpu),0.12032681399937235,1.3500655123020315,8.492900087730959e-05,4.399299905344378e-05,"[-0.903117835521698,-0.1848788559436798,-0.09670445322990417,1.1391079425811768,0.5796130299568176,-0.7517531514167786,0.6819677352905273,0.7706312537193298,-0.11164572089910507,-0.2576623260974884,-0.19380325078964233,-1.6949924230575562,0.1887430101633072,0.23457792401313782,-0.8655285239219666,0.74244624376297,-1.3729668855667114,-0.5518128275871277,-0.47521907091140747,1.987509846687317,-1.5991840362548828,0.5626302361488342,0.942123293876648,0.3777255713939667]","[-1.0,0.0,0.0,1.0,1.0,-1.0,1.0,1.0,0.0,0.0,0.0,-2.0,0.0,0.0,-1.0,1.0,-1.0,-1.0,0.0,1.0,-2.0,1.0,1.0,0.0]",1,24,0
seed0_20260703_160416,pilot,17,17,QTIP bitshift (gpu),0.11718127625584594,1.3807742133719028,0.008063355999183841,8.627199895272497e-05,"[1.1818079948425293,-1.0027376413345337,-2.2802586555480957,0.7668178677558899,-1.1958281993865967,-0.32639986276626587,-1.178846001625061,1.0523418188095093,0.8651502132415771,-0.7200636863708496,0.9034918546676636,0.12127725780010223,-0.1393888294696808,0.05741666257381439,-0.2027493566274643,0.6150052547454834,0.3103475570678711,-0.3494671583175659,1.0062557458877563,-0.6114755868911743,0.28693363070487976,0.42215538024902344,1.4788070917129517,-0.5054413676261902]","[0.8099502921104431,-0.505395233631134,-1.6962224245071411,0.5733522176742554,-1.034759521484375,-0.4832668900489807,-1.5836154222488403,1.5184290409088135,0.6930450797080994,-0.7437441945075989,0.9858254790306091,-0.14245736598968506,-0.13257279992103577,-0.0931539535522461,0.07350250333547592,1.0181772708892822,-0.1029927134513855,0.024481236934661865,0.6083298325538635,-0.9240337014198303,-0.0931539535522461,0.0931539535522461,1.122338056564331,0.044076092541217804]",1,24,0
seed0_20260703_160416,pilot,17,17,Uniform scalar 2-bit (gpu),0.07425168123377875,1.70989744863971,0.00016623300143692177,4.325100053392816e-05,"[1.1818079948425293,-1.0027376413345337,-2.2802586555480957,0.7668178677558899,-1.1958281993865967,-0.32639986276626587,-1.178846001625061,1.0523418188095093,0.8651502132415771,-0.7200636863708496,0.9034918546676636,0.12127725780010223,-0.1393888294696808,0.05741666257381439,-0.2027493566274643,0.6150052547454834,0.3103475570678711,-0.3494671583175659,1.0062557458877563,-0.6114755868911743,0.28693363070487976,0.42215538024902344,1.4788070917129517,-0.5054413676261902]","[1.0,-1.0,-2.0,1.0,-1.0,0.0,-1.0,1.0,1.0,-1.0,1.0,0.0,0.0,0.0,0.0,1.0,0.0,0.0,1.0,-1.0,0.0,0.0,1.0,-1.0]",1,24,0
seed0_20260703_160416,pilot,17,17,Leech shells <= 13 exact (gpu),0.06986476038977676,1.7538268211485637,0.0014952690016798442,0.0001791869999578921,"[1.1818079948425293,-1.0027376413345337,-2.2802586555480957,0.7668178677558899,-1.1958281993865967,-0.32639986276626587,-1.178846001625061,1.0523418188095093,0.8651502132415771,-0.7200636863708496,0.9034918546676636,0.12127725780010223,-0.1393888294696808,0.05741666257381439,-0.2027493566274643,0.6150052547454834,0.3103475570678711,-0.3494671583175659,1.0062557458877563,-0.6114755868911743,0.28693363070487976,0.42215538024902344,1.4788070917129517,-0.5054413676261902]","[1.0606601238250732,-1.0606601238250732,-2.4748737812042236,1.0606601238250732,-1.0606601238250732,-0.3535533845424652,-1.0606601238250732,1.0606601238250732,1.0606601238250732,-0.3535533845424652,1.0606601238250732,0.3535533845424652,-0.3535533845424652,0.3535533845424652,-0.3535533845424652,1.0606601238250732,0.3535533845424652,-0.3535533845424652,0.3535533845424652,-0.3535533845424652,0.3535533845424652,0.3535533845424652,1.7677669525146484,-1.0606601238250732]",1,24,0
seed0_20260703_160416,pilot,18,18,Uniform scalar 2-bit (gpu),0.14193189088622996,1.217752594006883,7.820700011507142e-05,4.314099896873813e-05,"[1.7430824041366577,0.17616495490074158,-0.19397690892219543,-0.6724727749824524,0.5862933993339539,0.04893524572253227,-1.103609323501587,-1.1278871297836304,-0.5555192232131958,-0.676006019115448,1.0903023481369019,1.3755383491516113,0.8685595989227295,0.35786888003349304,-0.4282382130622864,0.054483212530612946,0.8847070336341858,2.130972146987915,0.9128991961479187,-0.28041213750839233,0.03802507743239403,-0.4825448989868164,-0.7823985815048218,-0.18424199521541595]","[1.0,0.0,0.0,-1.0,1.0,0.0,-1.0,-1.0,-1.0,-1.0,1.0,1.0,1.0,0.0,0.0,0.0,1.0,1.0,1.0,0.0,0.0,0.0,-1.0,0.0]",1,24,0
seed0_20260703_160416,pilot,18,18,Leech shells <= 13 exact (gpu),0.07022085649339853,1.7253662384641244,0.0011475960000097984,0.0001682559995970223,"[1.7430824041366577,0.17616495490074158,-0.19397690892219543,-0.6724727749824524,0.5862933993339539,0.04893524572253227,-1.103609323501587,-1.1278871297836304,-0.5555192232131958,-0.676006019115448,1.0903023481369019,1.3755383491516113,0.8685595989227295,0.35786888003349304,-0.4282382130622864,0.054483212530612946,0.8847070336341858,2.130972146987915,0.9128991961479187,-0.28041213750839233,0.03802507743239403,-0.4825448989868164,-0.7823985815048218,-0.18424199521541595]","[1.7677669525146484,0.3535533845424652,-0.3535533845424652,-0.3535533845424652,0.3535533845424652,0.3535533845424652,-1.0606601238250732,-1.0606601238250732,-1.0606601238250732,-0.3535533845424652,1.0606601238250732,1.7677669525146484,1.0606601238250732,0.3535533845424652,-0.3535533845424652,-0.3535533845424652,0.3535533845424652,2.4748737812042236,1.0606601238250732,-0.3535533845424652,0.3535533845424652,-0.3535533845424652,-1.0606601238250732,-0.3535533845424652]",1,24,0
seed0_20260703_160416,pilot,18,18,QTIP bitshift (gpu),0.1369947408307838,1.2432917326547008,0.008068786000876571,8.788500053924508e-05,"[1.7430824041366577,0.17616495490074158,-0.19397690892219543,-0.6724727749824524,0.5862933993339539,0.04893524572253227,-1.103609323501587,-1.1278871297836304,-0.5555192232131958,-0.676006019115448,1.0903023481369019,1.3755383491516113,0.8685595989227295,0.35786888003349304,-0.4282382130622864,0.054483212530612946,0.8847070336341858,2.130972146987915,0.9128991961479187,-0.28041213750839233,0.03802507743239403,-0.4825448989868164,-0.7823985815048218,-0.18424199521541595]","[1.6563239097595215,0.9091304540634155,-0.2929880917072296,-0.756718099117279,0.8514286875724792,-0.3969474136829376,-1.159889578819275,-0.9858254790306091,-0.33413028717041016,-0.879913330078125,0.13257279992103577,1.7390198707580566,0.9858254790306091,-0.14245736598968506,-0.13257279992103577,-0.07350250333547592,0.13257279992103577,1.7390198707580566,0.9858254790306091,-0.1523558795452118,-0.19210973381996155,-0.33413028717041016,-0.879913330078125,0.13257279992103577]",1,24,0
seed0_20260703_160416,pilot,19,19,Leech shells <= 13 exact (gpu),0.06882948881194098,1.6594672641360106,0.0011108259986940539,0.0001499720001447713,"[0.19561469554901123,1.8359016180038452,0.052032470703125,1.3573580980300903,1.7674890756607056,0.07880786806344986,1.6077989339828491,0.7149354219436646,-0.41753530502319336,0.2651800215244293,0.02287781797349453,-0.2323390245437622,-0.19878123700618744,0.14420931041240692,0.4341811537742615,-0.884881854057312,-0.009387661702930927,-1.522355079650879,0.2607955038547516,0.6235994696617126,0.16395483911037445,0.28585314750671387,0.5899431109428406,-0.6651008725166321]","[0.0,1.4142135381698608,0.7071067690849304,1.4142135381698608,2.1213202476501465,0.0,1.4142135381698608,0.7071067690849304,-0.7071067690849304,0.0,0.0,0.0,0.0,0.0,0.7071067690849304,-1.4142135381698608,0.0,-1.4142135381698608,0.0,0.7071067690849304,0.0,0.0,0.7071067690849304,-0.7071067690849304]",1,24,0
seed0_20260703_160416,pilot,19,19,Uniform scalar 2-bit (gpu),0.1375582846491525,1.1599950989839292,7.712499973422382e-05,4.3582000216702e-05,"[0.19561469554901123,1.8359016180038452,0.052032470703125,1.3573580980300903,1.7674890756607056,0.07880786806344986,1.6077989339828491,0.7149354219436646,-0.41753530502319336,0.2651800215244293,0.02287781797349453,-0.2323390245437622,-0.19878123700618744,0.14420931041240692,0.4341811537742615,-0.884881854057312,-0.009387661702930927,-1.522355079650879,0.2607955038547516,0.6235994696617126,0.16395483911037445,0.28585314750671387,0.5899431109428406,-0.6651008725166321]","[0.0,1.0,0.0,1.0,1.0,0.0,1.0,1.0,0.0,0.0,0.0,0.0,0.0,0.0,0.0,-1.0,0.0,-2.0,0.0,1.0,0.0,0.0,1.0,-1.0]",1,24,0
seed0_20260703_160416,pilot,19,19,QTIP bitshift (gpu),0.08804170050714118,1.4818871563471532,0.008119181000438402,8.708399946044665e-05,"[0.19561469554901123,1.8359016180038452,0.052032470703125,1.3573580980300903,1.7674890756607056,0.07880786806344986,1.6077989339828491,0.7149354219436646,-0.41753530502319336,0.2651800215244293,0.02287781797349453,-0.2323390245437622,-0.19878123700618744,0.14420931041240692,0.4341811537742615,-0.884881854057312,-0.009387661702930927,-1.522355079650879,0.2607955038547516,0.6235994696617126,0.16395483911037445,0.28585314750671387,0.5899431109428406,-0.6651008725166321]","[0.0931539535522461,1.159889578819275,0.13257279992103577,1.8356715440750122,1.159889578819275,0.13257279992103577,1.7390198707580566,0.9858254790306091,-0.14245736598968506,-0.14245736598968506,-0.14245736598968506,-0.13257279992103577,-0.1029927134513855,0.034277018159627914,0.6440681219100952,-0.8374426960945129,0.33413028717041016,-1.8356715440750122,0.07350250333547592,1.0181772708892822,-0.1029927134513855,0.024481236934661865,0.632066011428833,-0.8944265246391296]",1,24,0
seed0_20260703_160416,pilot,20,20,Uniform scalar 2-bit (gpu),0.21890928687052139,1.2281126323656142,7.864799954404589e-05,4.3661999370669946e-05,"[-0.23904885351657867,0.5109220147132874,1.0018857717514038,0.3949213922023773,2.552859306335449,-0.09136056900024414,0.9996604323387146,1.2667276859283447,-0.13376984000205994,-0.8205128908157349,-1.182602882385254,0.1622769981622696,1.1102919578552246,0.271668404340744,0.17285607755184174,-0.3792138695716858,0.5610297322273254,-2.135831117630005,0.23237325251102448,0.02812630869448185,-1.3703402280807495,2.175597906112671,-1.3874132633209229,-1.077520489692688]","[0.0,1.0,1.0,0.0,1.0,0.0,1.0,1.0,0.0,-1.0,-1.0,0.0,1.0,0.0,0.0,0.0,1.0,-2.0,0.0,0.0,-1.0,1.0,-1.0,-1.0]",1,24,0
seed0_20260703_160416,pilot,20,20,QTIP bitshift (gpu),0.27980701690059645,1.0510631410956743,0.007982294000612455,8.87969999894267e-05,"[-0.23904885351657867,0.5109220147132874,1.0018857717514038,0.3949213922023773,2.552859306335449,-0.09136056900024414,0.9996604323387146,1.2667276859283447,-0.13376984000205994,-0.8205128908157349,-1.182602882385254,0.1622769981622696,1.1102919578552246,0.271668404340744,0.17285607755184174,-0.3792138695716858,0.5610297322273254,-2.135831117630005,0.23237325251102448,0.02812630869448185,-1.3703402280807495,2.175597906112671,-1.3874132633209229,-1.077520489692688]","[-0.0931539535522461,0.0931539535522461,1.122338056564331,0.0931539535522461,1.159889578819275,0.13257279992103577,1.6563239097595215,0.8514286875724792,-0.3969474136829376,-1.1409127712249756,-0.8944265246391296,0.07350250333547592,0.9858254790306091,-0.13257279992103577,-0.11284144967794418,-0.034277018159627914,0.33413028717041016,-1.8912291526794434,-0.024481236934661865,0.3863752782344818,-1.6563239097595215,0.879913330078125,-0.3445020616054535,-0.9240337014198303]",1,24,0
seed0_20260703_160416,pilot,20,20,Leech shells <= 13 exact (gpu),0.08321393548791428,1.9258306843776425,0.001441497999621788,0.00017383600061293691,"[-0.23904885351657867,0.5109220147132874,1.0018857717514038,0.3949213922023773,2.552859306335449,-0.09136056900024414,0.9996604323387146,1.2667276859283447,-0.13376984000205994,-0.8205128908157349,-1.182602882385254,0.1622769981622696,1.1102919578552246,0.271668404340744,0.17285607755184174,-0.3792138695716858,0.5610297322273254,-2.135831117630005,0.23237325251102448,0.02812630869448185,-1.3703402280807495,2.175597906112671,-1.3874132633209229,-1.077520489692688]","[-0.3535533845424652,0.3535533845424652,1.0606601238250732,0.3535533845424652,2.4748737812042236,-0.3535533845424652,0.3535533845424652,1.0606601238250732,-0.3535533845424652,-0.3535533845424652,-1.0606601238250732,0.3535533845424652,1.0606601238250732,0.3535533845424652,0.3535533845424652,-0.3535533845424652,0.3535533845424652,-1.7677669525146484,-0.3535533845424652,0.3535533845424652,-1.7677669525146484,1.7677669525146484,-1.0606601238250732,-1.0606601238250732]",1,24,0
seed0_20260703_160416,pilot,21,21,Leech shells <= 13 exact (gpu),0.06257258755781192,2.108572624761571,0.001045023000187939,0.00014823799938312732,"[-1.2008631229400635,1.110367774963379,-0.888084888458252,0.6686564087867737,0.5875101685523987,0.2596704065799713,-1.3075789213180542,-0.6121063828468323,1.6731150150299072,-1.2907544374465942,-0.831654965877533,-0.16224652528762817,0.8089900612831116,0.251639187335968,0.7420441508293152,-1.0672942399978638,0.9447765946388245,0.5690287947654724,-1.5945645570755005,1.5399161577224731,2.292397975921631,-0.7685773372650146,0.055652815848588943,1.3974225521087646]","[-1.4142135381698608,1.4142135381698608,-0.7071067690849304,0.7071067690849304,0.7071067690849304,0.0,-1.4142135381698608,-0.7071067690849304,1.4142135381698608,-0.7071067690849304,-0.7071067690849304,0.0,0.7071067690849304,0.0,0.7071067690849304,-0.7071067690849304,0.7071067690849304,0.7071067690849304,-1.4142135381698608,1.4142135381698608,2.1213202476501465,-1.4142135381698608,0.0,1.4142135381698608]",1,24,0
seed0_20260703_160416,pilot,21,21,Uniform scalar 2-bit (gpu),0.16459209422962798,1.4109264391790945,8.53100009408081e-05,4.3993000872433186e-05,"[-1.2008631229400635,1.110367774963379,-0.888084888458252,0.6686564087867737,0.5875101685523987,0.2596704065799713,-1.3075789213180542,-0.6121063828468323,1.6731150150299072,-1.2907544374465942,-0.831654965877533,-0.16224652528762817,0.8089900612831116,0.251639187335968,0.7420441508293152,-1.0672942399978638,0.9447765946388245,0.5690287947654724,-1.5945645570755005,1.5399161577224731,2.292397975921631,-0.7685773372650146,0.055652815848588943,1.3974225521087646]","[-1.0,1.0,-1.0,1.0,1.0,0.0,-1.0,-1.0,1.0,-1.0,-1.0,0.0,1.0,0.0,1.0,-1.0,1.0,1.0,-2.0,1.0,1.0,-1.0,0.0,1.0]",1,24,0
seed0_20260703_160416,pilot,21,21,QTIP bitshift (gpu),0.22914648195251475,1.1722388915498327,0.00810087699937867,9.0730000010808e-05,"[-1.2008631229400635,1.110367774963379,-0.888084888458252,0.6686564087867737,0.5875101685523987,0.2596704065799713,-1.3075789213180542,-0.6121063828468323,1.6731150150299072,-1.2907544374465942,-0.831654965877533,-0.16224652528762817,0.8089900612831116,0.251639187335968,0.7420441508293152,-1.0672942399978638,0.9447765946388245,0.5690287947654724,-1.5945645570755005,1.5399161577224731,2.292397975921631,-0.7685773372650146,0.055652815848588943,1.3974225521087646]","[-0.7830567955970764,0.6930450797080994,-0.7308942079544067,1.0863057374954224,0.004895777907222509,0.5504201054573059,-1.104142665863037,-0.8099502921104431,0.527773916721344,-1.1409127712249756,-0.8944265246391296,0.0931539535522461,1.0863057374954224,0.034277018159627914,0.7181638479232788,-0.7181638479232788,1.3064303398132324,0.40756407380104065,-1.550199031829834,1.7390198707580566,1.0181772708892822,-0.1029927134513855,0.034277018159627914,0.66835618019104]",1,24,0
seed0_20260703_160416,pilot,22,22,Uniform scalar 2-bit (gpu),0.10628388271335838,1.645873761567138,7.724500028416514e-05,4.3310999899404123e-05,"[-1.4812402725219727,-1.9898602962493896,-1.2969441413879395,-0.5670667886734009,-0.5784422159194946,0.6073471903800964,0.26853635907173157,-1.246077299118042,0.5673799514770508,1.8740813732147217,1.1970542669296265,0.9911074638366699,0.02017792873084545,0.9836313724517822,-0.9661328196525574,0.7510146498680115,-0.08724842220544815,1.1309057474136353,0.46601054072380066,-1.0898797512054443,0.12799295783042908,1.2182214260101318,-1.1292338371276855,-0.5591399073600769]","[-1.0,-2.0,-1.0,-1.0,-1.0,1.0,0.0,-1.0,1.0,1.0,1.0,1.0,0.0,1.0,-1.0,1.0,0.0,1.0,0.0,-1.0,0.0,1.0,-1.0,-1.0]",1,24,0
seed0_20260703_160416,pilot,22,22,Leech shells <= 13 exact (gpu),0.07158480556995195,1.9309725295072184,0.0011582349998207064,0.0001712019984552171,"[-1.4812402725219727,-1.9898602962493896,-1.2969441413879395,-0.5670667886734009,-0.5784422159194946,0.6073471903800964,0.26853635907173157,-1.246077299118042,0.5673799514770508,1.8740813732147217,1.1970542669296265,0.9911074638366699,0.02017792873084545,0.9836313724517822,-0.9661328196525574,0.7510146498680115,-0.08724842220544815,1.1309057474136353,0.46601054072380066,-1.0898797512054443,0.12799295783042908,1.2182214260101318,-1.1292338371276855,-0.5591399073600769]","[-1.4142135381698608,-2.1213202476501465,-1.4142135381698608,-0.7071067690849304,-0.7071067690849304,0.7071067690849304,0.0,-1.4142135381698608,0.0,1.4142135381698608,1.4142135381698608,0.7071067690849304,0.0,0.7071067690849304,-0.7071067690849304,0.7071067690849304,0.0,1.4142135381698608,0.7071067690849304,-1.4142135381698608,0.0,0.7071067690849304,-0.7071067690849304,-0.7071067690849304]",1,24,0
seed0_20260703_160416,pilot,22,22,QTIP bitshift (gpu),0.11048817911242581,1.6178891669012103,0.008079155999439536,9.997699999075849e-05,"[-1.4812402725219727,-1.9898602962493896,-1.2969441413879395,-0.5670667886734009,-0.5784422159194946,0.6073471903800964,0.26853635907173157,-1.246077299118042,0.5673799514770508,1.8740813732147217,1.1970542669296265,0.9911074638366699,0.02017792873084545,0.9836313724517822,-0.9661328196525574,0.7510146498680115,-0.08724842220544815,1.1309057474136353,0.46601054072380066,-1.0898797512054443,0.12799295783042908,1.2182214260101318,-1.1292338371276855,-0.5591399073600769]","[-1.4313017129898071,-2.335232973098755,-0.9858254790306091,-0.2929880917072296,-0.756718099117279,0.879913330078125,-0.33413028717041016,-0.879913330078125,0.1523558795452118,2.335232973098755,1.8356715440750122,1.0863057374954224,0.034277018159627914,0.6930450797080994,-0.7308942079544067,1.159889578819275,0.12270114570856094,1.4591230154037476,0.632066011428833,-0.9091304540634155,0.024481236934661865,0.5849315524101257,-1.0181772708892822,-0.46137264370918274]",1,24,0
seed0_20260703_160416,pilot,23,23,Uniform scalar 2-bit (gpu),0.10920116879076425,1.6397200308170619,7.91790007497184e-05,4.35009987995727e-05,"[-0.7686730027198792,-1.4956459999084473,0.9612682461738586,1.3109972476959229,0.8000432252883911,0.24257031083106995,-0.05203138291835785,0.23938030004501343,-0.7315559387207031,0.8938456177711487,1.0454922914505005,0.9325435161590576,-0.5309482216835022,0.07840434461832047,-0.16578081250190735,1.7885748147964478,0.1796962022781372,-1.8820708990097046,0.39850565791130066,1.8822662830352783,0.6851757168769836,0.879479706287384,0.03606126829981804,-1.9713895320892334]","[-1.0,-1.0,1.0,1.0,1.0,0.0,0.0,0.0,-1.0,1.0,1.0,1.0,-1.0,0.0,0.0,1.0,0.0,-2.0,0.0,1.0,1.0,1.0,0.0,-2.0]",1,24,0
seed0_20260703_160416,pilot,23,23,Leech shells <= 13 exact (gpu),0.06835796616837483,1.9776234902682182,0.0014722260002599796,0.000158658000145806,"[-0.7686730027198792,-1.4956459999084473,0.9612682461738586,1.3109972476959229,0.8000432252883911,0.24257031083106995,-0.05203138291835785,0.23938030004501343,-0.7315559387207031,0.8938456177711487,1.0454922914505005,0.9325435161590576,-0.5309482216835022,0.07840434461832047,-0.16578081250190735,1.7885748147964478,0.1796962022781372,-1.8820708990097046,0.39850565791130066,1.8822662830352783,0.6851757168769836,0.879479706287384,0.03606126829981804,-1.9713895320892334]","[-0.7071067690849304,-1.4142135381698608,0.7071067690849304,1.4142135381698608,0.7071067690849304,0.7071067690849304,0.0,0.7071067690849304,-0.7071067690849304,0.7071067690849304,0.7071067690849304,0.7071067690849304,-0.7071067690849304,0.0,0.0,1.4142135381698608,0.7071067690849304,-1.4142135381698608,0.7071067690849304,2.1213202476501465,0.7071067690849304,0.7071067690849304,0.0,-2.1213202476501465]",1,24,0
seed0_20260703_160416,pilot,23,23,QTIP bitshift (gpu),0.164303746880449,1.3450314892703374,0.008029562000956503,8.641199929115828e-05,"[-0.7686730027198792,-1.4956459999084473,0.9612682461738586,1.3109972476959229,0.8000432252883911,0.24257031083106995,-0.05203138291835785,0.23938030004501343,-0.7315559387207031,0.8938456177711487,1.0454922914505005,0.9325435161590576,-0.5309482216835022,0.07840434461832047,-0.16578081250190735,1.7885748147964478,0.1796962022781372,-1.8820708990097046,0.39850565791130066,1.8822662830352783,0.6851757168769836,0.879479706287384,0.03606126829981804,-1.9713895320892334]","[-0.527773916721344,-1.8356715440750122,0.13257279992103577,1.7390198707580566,1.0181772708892822,-0.1029927134513855,0.024481236934661865,0.632066011428833,-0.879913330078125,0.12270114570856094,1.4591230154037476,0.6083298325538635,-0.9240337014198303,-0.07350250333547592,0.1029927134513855,1.2617708444595337,0.33413028717041016,-1.8356715440750122,0.13257279992103577,1.8356715440750122,1.0516313314437866,-0.034277018159627914,0.2929880917072296,-2.1065540313720703]",1,24,0
seed0_20260703_160416,pilot,24,24,Leech shells <= 13 exact (gpu),0.12627213563956777,1.7824267589740732,0.0010962390006170608,0.0001716130009299377,"[-1.8102577924728394,-1.2459477186203003,-0.1268320381641388,0.309998482465744,0.6894141435623169,-0.3404580354690552,0.9569292664527893,-0.2797487676143646,-0.704489529132843,0.8516417145729065,-0.9144449830055237,-2.7290849685668945,-1.0599567890167236,0.09415954351425171,-3.0801777839660645,-0.3571380376815796,-0.3320903480052948,-1.4264559745788574,-1.4825034141540527,-0.4624619483947754,-0.5471001863479614,1.259918451309204,0.37486305832862854,-1.5808554887771606]","[-1.4142135381698608,-0.7071067690849304,0.0,0.0,0.0,-0.7071067690849304,0.7071067690849304,-0.7071067690849304,-0.7071067690849304,0.7071067690849304,-0.7071067690849304,-2.1213202476501465,-0.7071067690849304,0.0,-2.8284270763397217,0.0,-0.7071067690849304,-1.4142135381698608,-1.4142135381698608,0.0,-0.7071067690849304,0.7071067690849304,0.0,-1.4142135381698608]",1,24,0
seed0_20260703_160416,pilot,24,24,Uniform scalar 2-bit (gpu),0.1576621134474925,1.6222769074852994,7.760500011499971e-05,4.322099994169548e-05,"[-1.8102577924728394,-1.2459477186203003,-0.1268320381641388,0.309998482465744,0.6894141435623169,-0.3404580354690552,0.9569292664527893,-0.2797487676143646,-0.704489529132843,0.8516417145729065,-0.9144449830055237,-2.7290849685668945,-1.0599567890167236,0.09415954351425171,-3.0801777839660645,-0.3571380376815796,-0.3320903480052948,-1.4264559745788574,-1.4825034141540527,-0.4624619483947754,-0.5471001863479614,1.259918451309204,0.37486305832862854,-1.5808554887771606]","[-2.0,-1.0,0.0,0.0,1.0,0.0,1.0,0.0,-1.0,1.0,-1.0,-2.0,-1.0,0.0,-2.0,0.0,0.0,-1.0,-1.0,0.0,-1.0,1.0,0.0,-2.0]",1,24,0
seed0_20260703_160416,pilot,24,24,QTIP bitshift (gpu),0.10073385264814594,1.9454206183035907,0.008002752998436335,9.699200018076226e-05,"[-1.8102577924728394,-1.2459477186203003,-0.1268320381641388,0.309998482465744,0.6894141435623169,-0.3404580354690552,0.9569292664527893,-0.2797487676143646,-0.704489529132843,0.8516417145729065,-0.9144449830055237,-2.7290849685668945,-1.0599567890167236,0.09415954351425171,-3.0801777839660645,-0.3571380376815796,-0.3320903480052948,-1.4264559745788574,-1.4825034141540527,-0.4624619483947754,-0.5471001863479614,1.259918451309204,0.37486305832862854,-1.5808554887771606]","[-2.335232973098755,-0.9240337014198303,-0.1029927134513855,0.034277018159627914,0.6930450797080994,-0.756718099117279,0.9091304540634155,-0.2929880917072296,-0.7698206901550293,0.756718099117279,-0.5849315524101257,-2.2065751552581787,-0.8514286875724792,0.25233614444732666,-2.335232973098755,-1.0181772708892822,-0.45050859451293945,-1.3787599802017212,-1.9533236026763916,-0.28278225660324097,-0.7055488228797913,1.353859305381775,0.4396974444389343,-1.4313017129898071]",1,24,0
seed0_20260703_160416,pilot,25,25,Leech shells <= 13 exact (gpu),0.0639881572626498,2.036984745102387,0.0010738469991338206,0.0001497310004197061,"[-0.8546514511108398,0.705141544342041,1.8959767818450928,0.3864994943141937,0.3107125461101532,1.8607524633407593,-0.022671444341540337,-0.3091009557247162,-1.4132487773895264,-0.5130161046981812,2.178712844848633,-1.4217413663864136,0.011191707104444504,-1.4083274602890015,0.12847575545310974,0.8876472115516663,-0.24364931881427765,0.7303472757339478,0.7208438515663147,0.4470248222351074,1.7162480354309082,0.7788375616073608,-0.30495956540107727,-0.680823564529419]","[-0.7071067690849304,0.7071067690849304,1.4142135381698608,0.7071067690849304,0.7071067690849304,2.1213202476501465,0.0,-0.7071067690849304,-1.4142135381698608,-0.7071067690849304,2.1213202476501465,-1.4142135381698608,0.0,-1.4142135381698608,0.7071067690849304,0.7071067690849304,0.0,0.7071067690849304,0.7071067690849304,0.7071067690849304,1.4142135381698608,0.7071067690849304,-0.7071067690849304,-0.7071067690849304]",1,24,0
seed0_20260703_160416,pilot,25,25,QTIP bitshift (gpu),0.24293221080436778,1.0746462616689352,0.00806303599892999,8.545099990442395e-05,"[-0.8546514511108398,0.705141544342041,1.8959767818450928,0.3864994943141937,0.3107125461101532,1.8607524633407593,-0.022671444341540337,-0.3091009557247162,-1.4132487773895264,-0.5130161046981812,2.178712844848633,-1.4217413663864136,0.011191707104444504,-1.4083274602890015,0.12847575545310974,0.8876472115516663,-0.24364931881427765,0.7303472757339478,0.7208438515663147,0.4470248222351074,1.7162480354309082,0.7788375616073608,-0.30495956540107727,-0.680823564529419]","[-0.879913330078125,0.13257279992103577,1.8356715440750122,1.159889578819275,0.13257279992103577,1.6563239097595215,0.8514286875724792,-0.3863752782344818,-1.104142665863037,-0.7830567955970764,0.6440681219100952,-0.8374426960945129,0.33413028717041016,-1.8356715440750122,0.07350250333547592,1.0181772708892822,-0.0931539535522461,0.0931539535522461,1.159889578819275,0.13257279992103577,1.7390198707580566,0.9544740319252014,-0.19210973381996155,-0.33413028717041016]",1,24,0
seed0_20260703_160416,pilot,25,25,Uniform scalar 2-bit (gpu),0.22214569737367115,1.1391700583213389,7.846699918445665e-05,4.233900108374655e-05,"[-0.8546514511108398,0.705141544342041,1.8959767818450928,0.3864994943141937,0.3107125461101532,1.8607524633407593,-0.022671444341540337,-0.3091009557247162,-1.4132487773895264,-0.5130161046981812,2.178712844848633,-1.4217413663864136,0.011191707104444504,-1.4083274602890015,0.12847575545310974,0.8876472115516663,-0.24364931881427765,0.7303472757339478,0.7208438515663147,0.4470248222351074,1.7162480354309082,0.7788375616073608,-0.30495956540107727,-0.680823564529419]","[-1.0,1.0,1.0,0.0,0.0,1.0,0.0,0.0,-1.0,-1.0,1.0,-1.0,0.0,-1.0,0.0,1.0,0.0,1.0,1.0,0.0,1.0,1.0,0.0,-1.0]",1,24,0
seed0_20260703_160416,pilot,26,26,QTIP bitshift (gpu),0.21875648211967738,1.288370133560844,0.008156550999046885,8.597099986218382e-05,"[-0.8453063368797302,0.47586745023727417,-0.32372182607650757,2.7291669845581055,1.8424476385116577,-0.21452400088310242,-0.32913124561309814,1.6901766061782837,-1.8833597898483276,-0.45155104994773865,0.9507569670677185,-0.9120975732803345,-0.47682997584342957,-0.35114115476608276,0.6608085036277771,0.13752688467502594,0.40208742022514343,0.5952837467193604,0.0299382284283638,1.1105661392211914,-0.7289588451385498,-1.4361214637756348,-1.7768718004226685,-1.6210098266601562]","[-0.7830567955970764,0.7181638479232788,-0.6806488037109375,2.1065540313720703,1.5184290409088135,0.66835618019104,-0.8099502921104431,0.5504201054573059,-1.104142665863037,-0.7964315414428711,0.5849315524101257,-0.9858254790306091,-0.2929880917072296,-0.7437441945075989,1.0181772708892822,-0.0931539535522461,0.0931539535522461,1.122338056564331,0.06368788331747055,0.8514286875724792,-0.41822686791419983,-1.2837804555892944,-1.4313017129898071,-2.2065751552581787]",1,24,0
seed0_20260703_160416,pilot,26,26,Uniform scalar 2-bit (gpu),0.2580652533908229,1.1691650640235902,7.609299973410089e-05,4.353199983597733e-05,"[-0.8453063368797302,0.47586745023727417,-0.32372182607650757,2.7291669845581055,1.8424476385116577,-0.21452400088310242,-0.32913124561309814,1.6901766061782837,-1.8833597898483276,-0.45155104994773865,0.9507569670677185,-0.9120975732803345,-0.47682997584342957,-0.35114115476608276,0.6608085036277771,0.13752688467502594,0.40208742022514343,0.5952837467193604,0.0299382284283638,1.1105661392211914,-0.7289588451385498,-1.4361214637756348,-1.7768718004226685,-1.6210098266601562]","[-1.0,0.0,0.0,1.0,1.0,0.0,0.0,1.0,-2.0,0.0,1.0,-1.0,0.0,0.0,1.0,0.0,0.0,1.0,0.0,1.0,-1.0,-1.0,-2.0,-2.0]",1,24,0
seed0_20260703_160416,pilot,26,26,Leech shells <= 13 exact (gpu),0.07423742826521483,2.0679236977973643,0.00122219600052631,0.000170821000210708,"[-0.8453063368797302,0.47586745023727417,-0.32372182607650757,2.7291669845581055,1.8424476385116577,-0.21452400088310242,-0.32913124561309814,1.6901766061782837,-1.8833597898483276,-0.45155104994773865,0.9507569670677185,-0.9120975732803345,-0.47682997584342957,-0.35114115476608276,0.6608085036277771,0.13752688467502594,0.40208742022514343,0.5952837467193604,0.0299382284283638,1.1105661392211914,-0.7289588451385498,-1.4361214637756348,-1.7768718004226685,-1.6210098266601562]","[-1.0606601238250732,0.3535533845424652,-0.3535533845424652,2.4748737812042236,1.7677669525146484,-0.3535533845424652,-0.3535533845424652,1.7677669525146484,-1.7677669525146484,-0.3535533845424652,0.3535533845424652,-0.3535533845424652,-0.3535533845424652,-0.3535533845424652,0.3535533845424652,0.3535533845424652,0.3535533845424652,0.3535533845424652,-0.3535533845424652,1.0606601238250732,-1.0606601238250732,-1.0606601238250732,-1.7677669525146484,-1.0606601238250732]",1,24,0
seed0_20260703_160416,pilot,27,27,Leech shells <= 13 exact (gpu),0.09663640293279414,1.865060239788919,0.0013517089992092224,0.00014875899978505913,"[-0.5505157113075256,1.0300469398498535,0.1741667538881302,-0.5985466241836548,-1.0698555707931519,-0.5288856625556946,-0.4036663770675659,-0.5650994181632996,-1.4325443506240845,-0.4758078157901764,1.0171360969543457,-2.1746089458465576,-0.24060867726802826,-2.1213483810424805,0.1830476075410843,-0.7474893927574158,-2.0856876373291016,0.1007021889090538,1.817405343055725,0.10889153182506561,1.161791443824768,-0.07150439918041229,-2.157590866088867,0.49048349261283875]","[-1.0606601238250732,1.0606601238250732,-0.3535533845424652,-0.3535533845424652,-1.0606601238250732,-0.3535533845424652,-0.3535533845424652,-0.3535533845424652,-1.0606601238250732,-0.3535533845424652,1.0606601238250732,-1.7677669525146484,-0.3535533845424652,-1.7677669525146484,0.3535533845424652,-0.3535533845424652,-1.7677669525146484,0.3535533845424652,1.7677669525146484,-0.3535533845424652,1.7677669525146484,-0.3535533845424652,-1.7677669525146484,0.3535533845424652]",1,24,0
seed0_20260703_160416,pilot,27,27,QTIP bitshift (gpu),0.10740136594042828,1.7888733987948304,0.008154937999279355,8.897699990484398e-05,"[-0.5505157113075256,1.0300469398498535,0.1741667538881302,-0.5985466241836548,-1.0698555707931519,-0.5288856625556946,-0.4036663770675659,-0.5650994181632996,-1.4325443506240845,-0.4758078157901764,1.0171360969543457,-2.1746089458465576,-0.24060867726802826,-2.1213483810424805,0.1830476075410843,-0.7474893927574158,-2.0856876373291016,0.1007021889090538,1.817405343055725,0.10889153182506561,1.161791443824768,-0.07150439918041229,-2.157590866088867,0.49048349261283875]","[-0.7437441945075989,0.9544740319252014,-0.19210973381996155,-0.3445020616054535,-0.9391450881958008,-0.1523558795452118,-0.2120971381664276,-0.3863752782344818,-1.122338056564331,-0.8374426960945129,0.2929880917072296,-2.1065540313720703,-0.5504201054573059,-1.9533236026763916,-0.24224059283733368,-0.527773916721344,-1.8356715440750122,0.0931539535522461,1.159889578819275,0.1029927134513855,1.3064303398132324,0.3653585910797119,-1.6563239097595215,0.6930450797080994]",1,24,0
seed0_20260703_160416,pilot,27,27,Uniform scalar 2-bit (gpu),0.10757072779287769,1.787736797522763,7.846700100344606e-05,4.330100091465283e-05,"[-0.5505157113075256,1.0300469398498535,0.1741667538881302,-0.5985466241836548,-1.0698555707931519,-0.5288856625556946,-0.4036663770675659,-0.5650994181632996,-1.4325443506240845,-0.4758078157901764,1.0171360969543457,-2.1746089458465576,-0.24060867726802826,-2.1213483810424805,0.1830476075410843,-0.7474893927574158,-2.0856876373291016,0.1007021889090538,1.817405343055725,0.10889153182506561,1.161791443824768,-0.07150439918041229,-2.157590866088867,0.49048349261283875]","[-1.0,1.0,0.0,-1.0,-1.0,-1.0,0.0,-1.0,-1.0,0.0,1.0,-2.0,0.0,-2.0,0.0,-1.0,-2.0,0.0,1.0,0.0,1.0,0.0,-2.0,0.0]",1,24,0
seed0_20260703_160416,pilot,28,28,Leech shells <= 13 exact (gpu),0.06818136834331578,1.9626845020916412,0.0017438150007365039,0.0001710419983282918,"[-0.4182793200016022,-1.4620848894119263,0.7848366498947144,0.28685757517814636,-0.5254096388816833,0.8680694103240967,-0.8720719814300537,0.6434323191642761,-0.9404604434967041,0.5339547395706177,-1.1007479429244995,1.4891881942749023,0.25430750846862793,1.432875156402588,-0.8224459886550903,-0.47610238194465637,0.8396648168563843,-2.7437171936035156,-1.0667908191680908,1.0331768989562988,0.46510931849479675,0.9787693619728088,-0.3097608983516693,0.563999354839325]","[-0.3535533845424652,-1.7677669525146484,0.3535533845424652,0.3535533845424652,-0.3535533845424652,1.0606601238250732,-1.0606601238250732,1.0606601238250732,-1.0606601238250732,1.0606601238250732,-1.0606601238250732,1.0606601238250732,0.3535533845424652,1.0606601238250732,-1.0606601238250732,-0.3535533845424652,0.3535533845424652,-2.4748737812042236,-1.0606601238250732,1.0606601238250732,0.3535533845424652,1.0606601238250732,-0.3535533845424652,0.3535533845424652]",1,24,0
seed0_20260703_160416,pilot,28,28,Uniform scalar 2-bit (gpu),0.12378629152022351,1.532483453950367,7.657400055904873e-05,4.349200025899336e-05,"[-0.4182793200016022,-1.4620848894119263,0.7848366498947144,0.28685757517814636,-0.5254096388816833,0.8680694103240967,-0.8720719814300537,0.6434323191642761,-0.9404604434967041,0.5339547395706177,-1.1007479429244995,1.4891881942749023,0.25430750846862793,1.432875156402588,-0.8224459886550903,-0.47610238194465637,0.8396648168563843,-2.7437171936035156,-1.0667908191680908,1.0331768989562988,0.46510931849479675,0.9787693619728088,-0.3097608983516693,0.563999354839325]","[0.0,-1.0,1.0,0.0,-1.0,1.0,-1.0,1.0,-1.0,1.0,-1.0,1.0,0.0,1.0,-1.0,0.0,1.0,-2.0,-1.0,1.0,0.0,1.0,0.0,1.0]",1,24,0
seed0_20260703_160416,pilot,28,28,QTIP bitshift (gpu),0.10963846335764722,1.620032224743092,0.008069788000284461,8.742499994696118e-05,"[-0.4182793200016022,-1.4620848894119263,0.7848366498947144,0.28685757517814636,-0.5254096388816833,0.8680694103240967,-0.8720719814300537,0.6434323191642761,-0.9404604434967041,0.5339547395706177,-1.1007479429244995,1.4891881942749023,0.25430750846862793,1.432875156402588,-0.8224459886550903,-0.47610238194465637,0.8396648168563843,-2.7437171936035156,-1.0667908191680908,1.0331768989562988,0.46510931849479675,0.9787693619728088,-0.3097608983516693,0.563999354839325]","[-0.49430081248283386,-1.6563239097595215,0.9091304540634155,-0.3134928345680237,-0.7830567955970764,0.66835618019104,-0.7830567955970764,0.66835618019104,-0.7830567955970764,0.6930450797080994,-0.7308942079544067,1.122338056564331,0.06368788331747055,0.9091304540634155,-0.32379430532455444,-0.8514286875724792,0.2726057767868042,-2.2065751552581787,-0.7308942079544067,1.122338056564331,0.0931539535522461,1.122338056564331,0.044076092541217804,0.8099502921104431]",1,24,0
seed0_20260703_160416,pilot,29,29,QTIP bitshift (gpu),0.18746966984602065,1.6172555727384719,0.007978606998221949,8.493899986206088e-05,"[-0.730844259262085,-1.3719604015350342,-1.69479501247406,-0.5517095923423767,-0.548941433429718,-0.6293774247169495,-3.548804998397827,-1.9986035823822021,-0.5326324701309204,0.2870166301727295,-0.5787926316261292,-0.8768972158432007,-2.3084733486175537,2.0214991569519043,-1.1011112928390503,1.6833966970443726,1.5606858730316162,0.27392905950546265,-0.5726094245910645,0.13221552968025208,-1.153041958808899,0.260730117559433,0.002952147740870714,0.5319682955741882]","[-0.45050859451293945,-1.3787599802017212,-1.8912291526794434,-0.17219878733158112,-0.2726057767868042,-0.6561638116836548,-2.8856348991394043,-2.2065751552581787,-0.7964315414428711,0.5733522176742554,-1.034759521484375,-0.505395233631134,-1.6563239097595215,0.7181638479232788,-0.6806488037109375,2.1065540313720703,1.5184290409088135,0.66835618019104,-0.7964315414428711,0.6083298325538635,-0.9240337014198303,-0.0931539535522461,0.06368788331747055,0.8236187100410461]",1,24,0
seed0_20260703_160416,pilot,29,29,Leech shells <= 13 exact (gpu),0.1737634953799311,1.6720216606299132,0.0014816439997957787,0.00017166200086649042,"[-0.730844259262085,-1.3719604015350342,-1.69479501247406,-0.5517095923423767,-0.548941433429718,-0.6293774247169495,-3.548804998397827,-1.9986035823822021,-0.5326324701309204,0.2870166301727295,-0.5787926316261292,-0.8768972158432007,-2.3084733486175537,2.0214991569519043,-1.1011112928390503,1.6833966970443726,1.5606858730316162,0.27392905950546265,-0.5726094245910645,0.13221552968025208,-1.153041958808899,0.260730117559433,0.002952147740870714,0.5319682955741882]","[-0.7071067690849304,-0.7071067690849304,-1.4142135381698608,-0.7071067690849304,-0.7071067690849304,-0.7071067690849304,-2.8284270763397217,-1.4142135381698608,0.0,0.0,-0.7071067690849304,-0.7071067690849304,-1.4142135381698608,1.4142135381698608,-0.7071067690849304,1.4142135381698608,1.4142135381698608,0.7071067690849304,-0.7071067690849304,0.0,-0.7071067690849304,0.7071067690849304,0.0,0.0]",1,24,0
seed0_20260703_160416,pilot,29,29,Uniform scalar 2-bit (gpu),0.2605747145434221,1.3797356275754278,7.809699854988139e-05,4.290000106266234e-05,"[-0.730844259262085,-1.3719604015350342,-1.69479501247406,-0.5517095923423767,-0.548941433429718,-0.6293774247169495,-3.548804998397827,-1.9986035823822021,-0.5326324701309204,0.2870166301727295,-0.5787926316261292,-0.8768972158432007,-2.3084733486175537,2.0214991569519043,-1.1011112928390503,1.6833966970443726,1.5606858730316162,0.27392905950546265,-0.5726094245910645,0.13221552968025208,-1.153041958808899,0.260730117559433,0.002952147740870714,0.5319682955741882]","[-1.0,-1.0,-2.0,-1.0,-1.0,-1.0,-2.0,-2.0,-1.0,0.0,-1.0,-1.0,-2.0,1.0,-1.0,1.0,1.0,0.0,-1.0,0.0,-1.0,0.0,0.0,1.0]",1,24,0
